id,timestamp,acc_x,acc_y,acc_z,gyro_x,gyro_y,gyro_z
0,2024-05-15 22:15:31.341394,-0.7661262,0.272856,0.6228646,0.17898351,0.57230437,0.3572798
1,2024-05-15 22:15:31.357581,-0.7661262,0.272856,0.6228646,0.17898351,0.57230437,0.3572798
2,2024-05-15 22:15:31.370801,-0.9025542,0.13545178,0.51621157,-0.16798794,0.65660375,0.68164927
3,2024-05-15 22:15:31.385268,-0.83275384,-0.021232981,0.6257933,-0.57787853,0.6352235,1.0219012
4,2024-05-15 22:15:31.400820,-0.76270944,-0.070532545,0.6912006,-0.6542367,0.6052911,1.0475576
5,2024-05-15 22:15:31.416467,-0.7512387,-0.24771811,0.72170776,-0.65118235,0.7745008,0.92416275
6,2024-05-15 22:15:31.431464,-0.74831,-0.2774931,0.7068203,-0.65484756,0.78183115,0.9113346
7,2024-05-15 22:15:31.445620,-0.6826586,-0.41123646,0.53671235,-0.84665924,0.51976997,0.80076796
8,2024-05-15 22:15:31.470960,-0.38902727,-0.5530642,0.5533083,-1.3927728,0.5417611,-0.14362969
9,2024-05-15 22:15:31.486127,-0.41221267,-0.6199359,0.54745096,-1.6652187,0.78305286,-0.19310978
10,2024-05-15 22:15:31.504781,-0.35827604,-0.5896728,0.6589851,-1.7171422,0.98219496,-0.18700112
11,2024-05-15 22:15:31.519334,-0.34192422,-0.60114354,0.6660627,-1.7146988,0.81665045,-0.34155002
12,2024-05-15 22:15:31.534731,-0.26699865,-0.49985978,0.52768224,-1.9297233,0.2662609,-0.5052619
13,2024-05-15 22:15:31.554773,-0.24674188,-0.45809543,0.4729829,-2.0451767,0.28092167,-0.54985505
14,2024-05-15 22:15:31.571305,-0.2294138,-0.3402158,0.45711923,-2.240043,0.6034585,-0.5687919
15,2024-05-15 22:15:31.588012,-0.30409533,-0.17352471,0.6235968,-2.3005185,0.82092655,-0.57184625
16,2024-05-15 22:15:31.603746,-0.2774931,-0.070532545,0.74440515,-2.325564,1.6743053,-0.5577963
17,2024-05-15 22:15:31.619335,-0.33191785,0.15692882,1.0218983,-2.1105394,1.643762,-1.1020772
18,2024-05-15 22:15:31.637297,-0.67118794,0.3939084,0.94868106,-2.112372,0.5765804,-1.4502704
19,2024-05-15 22:15:31.657638,-0.95160973,0.66825926,0.9655209,-2.538756,0.26198483,-1.0971904
20,2024-05-15 22:15:31.674290,-1.3508874,1.1446589,1.2217811,-2.7806585,0.12759447,-0.60666555
21,2024-05-15 22:15:31.689020,-1.3486909,1.6347563,2.0242717,-2.8942795,-0.021456642,-0.10209085
22,2024-05-15 22:15:31.708249,-1.4775531,1.862706,2.6061347,-2.2773056,-0.3470478,-0.091095276
23,2024-05-15 22:15:31.721370,-2.0191467,2.2688172,3.221159,-0.48197266,-0.9292024,0.16485725
24,2024-05-15 22:15:31.736714,-2.8953426,2.4267223,3.3527057,2.3383923,-1.1118511,1.6718618
25,2024-05-15 22:15:31.754347,-3.0261574,2.2924907,3.0405567,3.598607,-1.1265118,2.6577983
26,2024-05-15 22:15:31.770042,-3.0261574,2.2924907,3.0405567,3.598607,-1.1265118,2.6577983
27,2024-05-15 22:15:31.787022,-3.0261574,2.2924907,3.0405567,3.598607,-1.1265118,2.6577983
28,2024-05-15 22:15:31.804678,-3.0261574,2.2924907,3.0405567,3.598607,-1.1265118,2.6577983
29,2024-05-15 22:15:31.821391,-3.0261574,2.2924907,3.0405567,3.598607,-1.1265118,2.6577983
30,2024-05-15 22:15:31.837018,-3.0261574,2.2924907,3.0405567,3.598607,-1.1265118,2.6577983
31,2024-05-15 22:15:31.854691,-3.0261574,2.2924907,3.0405567,3.598607,-1.1265118,2.6577983
32,2024-05-15 22:15:31.870296,-3.0261574,2.2924907,3.0405567,3.598607,-1.1265118,2.6577983
33,2024-05-15 22:15:31.888022,-3.0261574,2.2924907,3.0405567,3.598607,-1.1265118,2.6577983
34,2024-05-15 22:15:31.903626,-2.9609942,0.7741801,1.5749625,5.7952785,-1.2260829,4.951597
35,2024-05-15 22:15:31.918916,-1.1427065,-3.2472732,0.3922,2.9309313,0.99868834,3.243618
36,2024-05-15 22:15:31.937219,-0.43246946,-3.3502653,0.34558508,1.1282681,-0.5101488,2.3896284
37,2024-05-15 22:15:31.954656,-0.084687866,-3.3012097,0.31483385,0.7189884,-1.1546117,1.8282434
38,2024-05-15 22:15:31.969834,0.55940974,-2.952696,-0.35071027,0.076358154,-2.005547,0.57108265
39,2024-05-15 22:15:31.985408,0.7836983,-2.4208648,-0.8959646,-2.0635028,-1.978058,-1.2279155
40,2024-05-15 22:15:32.004569,0.709749,-2.1709502,-0.93110895,-3.0384438,-1.7031686,-1.7269924
41,2024-05-15 22:15:32.020333,0.52426547,-1.8919927,-0.79736555,-4.560109,-1.1845441,-2.4374287
42,2024-05-15 22:15:32.037943,0.02831064,-1.6298753,-0.32581642,-6.018855,-0.35987598,-3.305468
43,2024-05-15 22:15:32.054812,-0.7090168,-1.408729,0.31239328,-7.221038,0.89056516,-4.0299544
44,2024-05-15 22:15:32.070799,-1.2352042,-1.0814482,0.83055735,-7.8642793,1.6217709,-4.2700243
45,2024-05-15 22:15:32.086914,-2.2541738,-0.4419877,2.097489,-8.602816,2.9064205,-4.42946
46,2024-05-15 22:15:32.102572,-2.5956402,0.041001618,2.7552538,-8.325482,2.8208992,-4.1790056
47,2024-05-15 22:15:32.121239,-2.5099761,1.1744341,3.546274,-6.8148127,1.5405258,-3.6451092
48,2024-05-15 22:15:32.137874,-2.008408,1.9923004,3.3090196,-4.704884,0.4330271,-3.0971632
49,2024-05-15 22:15:32.154591,-1.7328674,2.4523482,2.8353045,-3.6248744,0.2344959,-2.589534
50,2024-05-15 22:15:32.170654,-1.3347796,3.4808362,2.0745475,-2.7116308,-0.062384613,-1.5168548
51,2024-05-15 22:15:32.187913,-1.072174,3.866965,2.3247063,-2.2174408,-0.6304893,-0.41424298
52,2024-05-15 22:15:32.203353,-0.80371106,3.5340712,2.504119,-1.3756685,-1.0031171,0.18257235
53,2024-05-15 22:15:32.221139,-0.80541945,3.1894317,2.3881612,1.2742649,-1.1888201,1.1642329
54,2024-05-15 22:15:32.236665,-0.9977366,2.3547254,2.0142655,2.8612928,-1.0892491,2.0579286
55,2024-05-15 22:15:32.254274,-0.9818728,1.9178629,1.7977866,3.227812,-1.048932,2.3975697
56,2024-05-15 22:15:32.271581,-0.9042626,1.3645545,1.7531241,3.6865718,-0.9725738,2.9155834
57,2024-05-15 22:15:32.287427,-1.1727256,1.084621,2.3639996,3.9602394,-0.2523637,3.0481412
58,2024-05-15 22:15:32.304496,-1.5239545,0.71316576,2.837501,4.791016,0.16974418,3.1556535
59,2024-05-15 22:15:32.318790,-1.6452509,0.57063633,2.7969875,5.000543,-0.14546229,3.090291
60,2024-05-15 22:15:32.334851,-1.7799705,0.21501444,2.5097322,5.053688,-0.4985424,3.0023263
61,2024-05-15 22:15:32.354120,-1.8153588,-0.3585201,2.5216908,5.0481906,-1.651856,2.3584743
62,2024-05-15 22:15:32.369532,-1.799007,-0.68851596,2.2488046,5.3750033,-1.4356097,2.0951915
63,2024-05-15 22:15:32.387407,-1.7504396,-1.0155526,1.8634381,5.5045066,-1.0861948,1.8734473
64,2024-05-15 22:15:32.402451,-1.7504396,-1.0155526,1.8634381,5.5045066,-1.0861948,1.8734473
65,2024-05-15 22:15:32.421101,-1.7504396,-1.0155526,1.8634381,5.5045066,-1.0861948,1.8734473
66,2024-05-15 22:15:32.436772,-1.7504396,-1.0155526,1.8634381,5.5045066,-1.0861948,1.8734473
67,2024-05-15 22:15:32.454479,-1.7504396,-1.0155526,1.8634381,5.5045066,-1.0861948,1.8734473
68,2024-05-15 22:15:32.470095,-1.7504396,-1.0155526,1.8634381,5.5045066,-1.0861948,1.8734473
69,2024-05-15 22:15:32.487738,-1.7504396,-1.0155526,1.8634381,5.5045066,-1.0861948,1.8734473
70,2024-05-15 22:15:32.504408,-1.7504396,-1.0155526,1.8634381,5.5045066,-1.0861948,1.8734473
71,2024-05-15 22:15:32.519842,-0.50010383,-2.7596467,-0.6577648,0.19853121,-1.6066519,0.7225772
72,2024-05-15 22:15:32.531371,0.082491346,-1.739457,-0.9157333,-2.9816332,0.045738537,-1.0208322
73,2024-05-15 22:15:32.554677,-0.16742326,-1.4143422,-0.37243137,-4.543616,1.0261773,-1.8302287
74,2024-05-15 22:15:32.570575,-0.70437974,-0.9262278,0.4229512,-5.9424973,2.9607875,-2.576706
75,2024-05-15 22:15:32.587697,-1.3760253,-0.582107,1.624262,-6.966918,3.5105662,-3.4459672
76,2024-05-15 22:15:32.604425,-1.8790578,-0.30604777,2.4059772,-6.9021664,3.3431892,-3.7807214
77,2024-05-15 22:15:32.618068,-2.6610477,0.24771811,2.752325,-6.0603943,1.7262288,-3.4270303
78,2024-05-15 22:15:32.633266,-2.615165,0.6746047,2.4452705,-5.9803705,0.3823253,-2.79845
79,2024-05-15 22:15:32.654381,-1.6310956,1.370656,2.212928,-6.553973,-0.39958224,-1.1704942
80,2024-05-15 22:15:32.668594,-1.3135467,1.5307881,2.5792885,-6.048177,0.5625305,-1.0049497
81,2024-05-15 22:15:32.684650,-1.2784024,1.944221,2.8760622,-5.429981,1.3810899,-1.084973
82,2024-05-15 22:15:32.704760,-1.3386846,2.190719,2.7850287,-3.8344011,1.9137645,-1.098412
83,2024-05-15 22:15:32.720078,-1.0118918,2.7118115,2.1943798,-2.561358,-0.3262784,-0.20471622
84,2024-05-15 22:15:32.737985,-0.22013964,2.8677642,1.9500784,-1.4703526,-1.3329843,0.3016911
85,2024-05-15 22:15:32.753341,0.053204484,2.764284,1.9342147,0.84482664,-0.87300277,0.35239288
86,2024-05-15 22:15:32.771052,0.28237423,2.3627791,1.6035172,1.8875736,-0.599946,0.26320657
87,2024-05-15 22:15:32.786229,0.11153416,1.867831,1.24277,3.2785137,-0.33483052,0.20212004
88,2024-05-15 22:15:32.804393,-0.23307467,1.4375277,1.3103738,4.035987,-0.3030655,0.57108265
89,2024-05-15 22:15:32.820768,-0.38268176,1.2666876,1.421176,4.3359213,-0.33299792,0.9058368
90,2024-05-15 22:15:32.836687,-0.6077331,1.0111597,1.7999833,4.8160615,-0.1259146,1.4904349
91,2024-05-15 22:15:32.854209,-0.6804621,0.99187917,1.9466617,5.534439,1.3010666,1.8899407
92,2024-05-15 22:15:32.869714,-1.3391726,0.66874737,3.1630735,5.7604594,1.4684436,1.9595793
93,2024-05-15 22:15:32.887480,-1.6728295,0.32801294,2.7249908,6.468452,0.39759693,2.509969
94,2024-05-15 22:15:32.904226,-1.6725852,0.23014598,2.563669,6.0903263,-0.19799669,2.5447884
95,2024-05-15 22:15:32.919472,-1.8104776,-0.45687518,2.8038213,5.1331005,-0.4160756,2.105576
96,2024-05-15 22:15:32.936680,-2.3386176,-1.1881012,2.3122594,4.84294,0.044516806,1.6547576
97,2024-05-15 22:15:32.954473,-2.42599,-1.3413692,2.1802244,4.6627345,0.14714217,1.680414
98,2024-05-15 22:15:32.969680,-1.9935206,-2.05063,1.7187122,3.155119,-0.25663975,2.227749
99,2024-05-15 22:15:32.985647,-1.6459831,-2.344475,1.3333153,1.922393,-2.5834255,2.0945807
100,2024-05-15 22:15:33.004711,-0.9669853,-2.769409,0.90182203,1.72264,-3.2034538,1.8111391
101,2024-05-15 22:15:33.019909,-0.04368625,-2.7208416,-0.16278619,1.9071213,-2.9108493,-0.4930446
102,2024-05-15 22:15:33.037601,-0.04368625,-2.7208416,-0.16278619,1.9071213,-2.9108493,-0.4930446
103,2024-05-15 22:15:33.054236,-0.04368625,-2.7208416,-0.16278619,1.9071213,-2.9108493,-0.4930446
104,2024-05-15 22:15:33.070927,-0.04368625,-2.7208416,-0.16278619,1.9071213,-2.9108493,-0.4930446
105,2024-05-15 22:15:33.087561,-0.04368625,-2.7208416,-0.16278619,1.9071213,-2.9108493,-0.4930446
106,2024-05-15 22:15:33.104221,-0.04368625,-2.7208416,-0.16278619,1.9071213,-2.9108493,-0.4930446
107,2024-05-15 22:15:33.119892,-0.04368625,-2.7208416,-0.16278619,1.9071213,-2.9108493,-0.4930446
108,2024-05-15 22:15:33.137538,-0.375116,-1.8226806,-1.534693,-0.883922,-0.9383654,-1.5809956
109,2024-05-15 22:15:33.153260,-0.375116,-1.8226806,-1.534693,-0.883922,-0.9383654,-1.5809956
110,2024-05-15 22:15:33.170877,-0.375116,-1.8226806,-1.534693,-0.883922,-0.9383654,-1.5809956
111,2024-05-15 22:15:33.186528,-1.4228842,-0.23478307,1.2825513,-6.673092,3.0566933,-2.000049
112,2024-05-15 22:15:33.204202,-2.054779,0.96869373,2.773314,-6.7073,0.72746414,-1.5510632
113,2024-05-15 22:15:33.220541,-1.7982749,1.2205608,2.8443346,-6.1587434,-0.73677987,-0.43317983
114,2024-05-15 22:15:33.237493,-1.0258032,1.6769783,2.8616626,-5.1123314,-0.87422454,0.07994699
115,2024-05-15 22:15:33.254176,-0.60968554,2.037451,2.8731334,-4.880813,-0.790536,0.08055785
116,2024-05-15 22:15:33.269926,-0.5628265,2.1297045,2.8392096,-3.3860261,-0.23770294,-0.04772385
117,2024-05-15 22:15:33.285516,-0.49055508,2.3039613,2.5082679,-1.237613,-0.45822528,0.09399689
118,2024-05-15 22:15:33.303997,-0.25748038,2.1348298,2.0879707,0.16187929,-0.97746074,0.14958562
119,2024-05-15 22:15:33.320772,-0.18768002,2.0047472,1.9171307,0.77091193,-1.1582769,0.10743593
120,2024-05-15 22:15:33.336131,-0.073461235,1.6188927,1.586189,2.5173757,-1.243798,-0.15829046
121,2024-05-15 22:15:33.353659,-0.073461235,1.6188927,1.586189,2.8179214,-1.2144765,-0.20471622
122,2024-05-15 22:15:33.369344,-0.23575929,1.0668048,1.1107349,4.4941354,-0.67752594,-0.41485387
123,2024-05-15 22:15:33.386980,-0.5535523,0.81542575,0.65971726,5.1385984,-0.58406353,-0.03611741
124,2024-05-15 22:15:33.404140,-0.58601195,0.74123234,0.58576787,5.0897293,-0.7111235,0.19173533
125,2024-05-15 22:15:33.419852,-0.58552384,0.5969946,0.70999306,4.9119673,-0.931035,0.55336756
126,2024-05-15 22:15:33.437969,-0.58552384,0.5969946,0.70999306,4.9119673,-0.931035,0.55336756
127,2024-05-15 22:15:33.453135,-0.5428138,0.5020563,1.1597905,5.195409,-0.24442245,0.7604509
128,2024-05-15 22:15:33.470821,-0.81664604,0.46639338,1.7255458,5.6773815,1.3285556,0.91072375
129,2024-05-15 22:15:33.487529,-1.3081774,0.19060871,1.8485507,4.9706106,1.4104115,1.4409548
130,2024-05-15 22:15:33.502705,-1.4324025,0.003172744,2.036963,4.3725734,0.9742537,1.2424235
131,2024-05-15 22:15:33.520396,-1.824877,-0.44833317,2.3630233,3.7110064,0.34811684,0.8844565
132,2024-05-15 22:15:33.537474,-1.8878438,-1.0760789,1.9957172,3.5155294,-0.3103959,1.3047318
133,2024-05-15 22:15:33.554488,-1.4189793,-1.769476,1.4873154,2.9150488,-0.37636936,1.8276324
134,2024-05-15 22:15:33.570277,-1.1278191,-2.1345856,1.2657113,2.734233,-0.41424298,1.9009362
135,2024-05-15 22:15:33.587366,-0.48054874,-2.7828321,0.6724082,1.822211,-0.6897432,1.6419294
136,2024-05-15 22:15:33.603583,0.3704789,-2.5570793,-0.19402552,-0.33536503,-1.6750689,0.11598804
137,2024-05-15 22:15:33.619744,0.37755656,-2.4955769,-0.22892569,-0.8191703,-1.9676733,-0.2841287
138,2024-05-15 22:15:33.635393,0.28676724,-2.182421,-0.353883,-1.6853772,-2.0715203,-1.2602913
139,2024-05-15 22:15:33.654048,0.0102504045,-1.6699008,-0.68851596,-2.1294763,-1.6872861,-1.6316974
140,2024-05-15 22:15:33.669702,-0.0034168016,-1.5903381,-0.67021173,-3.3933563,-0.47594038,-2.1497111
141,2024-05-15 22:15:33.687381,-0.0034168016,-1.5903381,-0.67021173,-3.3933563,-0.47594038,-2.1497111
142,2024-05-15 22:15:33.703049,-0.0034168016,-1.5903381,-0.67021173,-3.3933563,-0.47594038,-2.1497111
143,2024-05-15 22:15:33.720679,-0.0034168016,-1.5903381,-0.67021173,-3.3933563,-0.47594038,-2.1497111
144,2024-05-15 22:15:33.737344,-0.0034168016,-1.5903381,-0.67021173,-3.3933563,-0.47594038,-2.1497111
145,2024-05-15 22:15:33.753036,-0.0034168016,-1.5903381,-0.67021173,-3.3933563,-0.47594038,-2.1497111
146,2024-05-15 22:15:33.770514,-2.017194,0.5125507,2.0484335,-6.0921593,-1.4374423,-0.7618253
147,2024-05-15 22:15:33.789144,-2.017194,0.5125507,2.0484335,-6.0921593,-1.4374423,-0.7618253
148,2024-05-15 22:15:33.805149,-1.0958476,1.3401489,1.935679,-3.644422,0.578413,-0.15340354
149,2024-05-15 22:15:33.820668,-1.1439269,1.4297179,1.9137139,-3.3426547,0.7427358,-0.04466952
150,2024-05-15 22:15:33.834862,-1.1524688,1.6933303,1.7511717,-2.820365,0.6755406,0.36399934
151,2024-05-15 22:15:33.850876,-0.8842499,1.9635016,1.5149243,-2.6810875,0.045738537,1.1520154
152,2024-05-15 22:15:33.870643,-0.6933971,2.0518503,1.6347563,-2.5894578,-0.23281601,1.5900059
153,2024-05-15 22:15:33.886359,-0.056133166,2.046237,2.340082,-1.3579534,-0.048945576,2.0029507
154,2024-05-15 22:15:33.903487,0.17620933,1.7162715,2.6473806,0.45204028,0.21189389,1.4782175
155,2024-05-15 22:15:33.920339,0.18109047,1.6040052,2.636154,1.1948525,0.16668986,1.1709523
156,2024-05-15 22:15:33.937274,-0.14643435,1.3135467,2.3330042,2.9651399,-0.35498905,0.34445164
157,2024-05-15 22:15:33.953944,-0.4024504,1.1912739,2.1628964,3.486208,-0.5480225,0.25526533
158,2024-05-15 22:15:33.970662,-0.6414129,1.0482564,1.956912,3.9956696,-0.7783187,0.4000404
159,2024-05-15 22:15:33.986256,-0.83885527,0.7085287,1.6259704,4.5448375,-1.4924202,0.7745008
160,2024-05-15 22:15:34.003912,-0.8954765,0.38585448,1.5737422,5.0207014,-1.7593683,0.9571495
161,2024-05-15 22:15:34.019569,-0.8871786,0.25772443,1.4982979,5.272989,-1.7239381,1.0017426
162,2024-05-15 22:15:34.037249,-0.86155254,0.038561042,1.2771821,5.710979,-1.3867404,1.0225121
163,2024-05-15 22:15:34.053870,-0.86618966,-0.2186753,1.0140883,5.6773815,-0.97868246,1.0793226
164,2024-05-15 22:15:34.069572,-0.86057633,-0.2716357,1.0062785,5.6773815,-0.97868246,1.0793226
165,2024-05-15 22:15:34.087427,-0.6567886,-0.7612451,1.0572865,5.221065,-0.45333838,0.83986336
166,2024-05-15 22:15:34.106600,-0.7365953,-1.3335593,0.88376176,4.768414,0.1501965,0.16241379
167,2024-05-15 22:15:34.121134,-0.81518173,-1.5190734,0.6328709,4.2778893,0.28214338,-0.08865182
168,2024-05-15 22:15:34.136854,-1.1026812,-1.7333556,0.4756676,2.158187,0.8453611,-0.07887798
169,2024-05-15 22:15:34.153532,-1.400431,-2.1702182,0.8869346,0.3182608,0.64255387,0.44280094
170,2024-05-15 22:15:34.169170,-1.400431,-2.1702182,0.8869346,0.3182608,0.64255387,0.44280094
171,2024-05-15 22:15:34.186841,-0.7056,-2.395483,0.66142565,-0.99265605,-1.2529609,0.36399934
172,2024-05-15 22:15:34.202879,-0.35510328,-2.2673528,0.40098605,-1.7073684,-1.7257707,-0.16684256
173,2024-05-15 22:15:34.218564,-0.1300825,-2.106275,0.24845028,-2.238821,-1.6836209,-0.7111235
174,2024-05-15 22:15:34.237097,-0.32679266,-1.747755,0.1261776,-3.3286047,-0.609109,-1.978058
175,2024-05-15 22:15:34.248485,-0.62872195,-1.4834105,0.10055158,-3.911981,0.14225525,-2.4508677
176,2024-05-15 22:15:34.271364,-1.3477145,-0.9303767,0.47078642,-5.6633315,1.0396163,-2.7049878
177,2024-05-15 22:15:34.289607,-1.7289624,-0.63604367,0.90328634,-6.298021,1.0616075,-2.5137868
178,2024-05-15 22:15:34.301256,-2.0367186,-0.37096703,1.3555244,-6.63644,1.0402272,-2.1527655
179,2024-05-15 22:15:34.323915,-2.1484969,-0.07468152,1.8617296,-6.63644,1.0402272,-2.1527655
180,2024-05-15 22:15:34.338651,-2.1484969,-0.07468152,1.8617296,-6.63644,1.0402272,-2.1527655
181,2024-05-15 22:15:34.355634,-2.1484969,-0.07468152,1.8617296,-6.63644,1.0402272,-2.1527655
182,2024-05-15 22:15:34.367354,-2.1484969,-0.07468152,1.8617296,-6.63644,1.0402272,-2.1527655
183,2024-05-15 22:15:34.382703,-2.1484969,-0.07468152,1.8617296,-6.63644,1.0402272,-2.1527655
184,2024-05-15 22:15:34.396874,-2.1484969,-0.07468152,1.8617296,-6.63644,1.0402272,-2.1527655
185,2024-05-15 22:15:34.412422,-2.1484969,-0.07468152,1.8617296,-6.63644,1.0402272,-2.1527655
186,2024-05-15 22:15:34.422627,-2.1484969,-0.07468152,1.8617296,-6.63644,1.0402272,-2.1527655
187,2024-05-15 22:15:34.437051,-2.1484969,-0.07468152,1.8617296,-6.63644,1.0402272,-2.1527655
188,2024-05-15 22:15:34.450763,-2.1484969,-0.07468152,1.8617296,-6.63644,1.0402272,-2.1527655
189,2024-05-15 22:15:34.466844,0.31068486,1.7987629,1.9969374,0.59742624,-0.4667774,2.1532235
190,2024-05-15 22:15:34.486719,0.41294485,1.4863392,1.9515429,1.2284501,-0.8168032,2.1098523
191,2024-05-15 22:15:34.503437,0.51011014,1.135873,1.8341513,2.0195205,-0.96707606,1.6999617
192,2024-05-15 22:15:34.520334,0.45321432,0.9042626,1.692354,2.6804767,-1.0409907,0.89423037
193,2024-05-15 22:15:34.537108,0.031483386,0.7944369,1.6674601,3.2577443,-0.92675894,0.22716552
194,2024-05-15 22:15:34.553772,-0.40952805,0.77149546,1.6376853,3.5790594,-0.84062696,0.26259568
195,2024-05-15 22:15:34.569880,-0.62603736,0.7563639,1.6003444,3.689626,-0.9114873,0.4030947
196,2024-05-15 22:15:34.587840,-0.8757079,0.6960818,1.8231685,3.8008037,-1.5938238,0.51427215
197,2024-05-15 22:15:34.601302,-0.9848015,0.594554,1.9505666,4.0463715,-1.7978528,0.49716794
198,2024-05-15 22:15:34.616919,-1.1090267,0.509378,2.0174382,4.4953575,-1.7893007,0.5405394
199,2024-05-15 22:15:34.633029,-1.4116577,0.3053156,1.9647218,5.1324897,-1.4136186,0.85574585
200,2024-05-15 22:15:34.653750,-1.5095551,-0.18084641,1.4446054,4.5711045,-2.146046,1.4721088
201,2024-05-15 22:15:34.667711,-1.421664,-0.43979117,1.5324965,4.310876,-2.277382,1.3933072
202,2024-05-15 22:15:34.683035,-1.3279461,-0.79785365,1.6757581,4.3224826,-1.7734182,1.1404091
203,2024-05-15 22:15:34.698420,-1.3957939,-1.306225,1.2208048,4.365243,-0.6146068,0.42691845
204,2024-05-15 22:15:34.720366,-1.884427,-1.9744841,0.71170145,3.2717943,-0.2242639,0.7732791
205,2024-05-15 22:15:34.734378,-1.5444553,-2.4838316,0.19988288,1.6493362,-0.9994519,1.3187817
206,2024-05-15 22:15:34.749524,-1.2278825,-2.8013806,0.06931226,0.73914695,-1.3506994,1.2509756
207,2024-05-15 22:15:34.769782,-0.53183126,-2.7110794,-0.17572121,-0.4196644,-1.2999976,0.5790239
208,2024-05-15 22:15:34.784476,-0.2545517,-2.5709906,-0.35583547,-1.0054842,-1.0458777,0.0603993
209,2024-05-15 22:15:34.799694,-0.0656514,-2.2017014,-0.35705575,-2.044566,-0.3140611,-1.1417835
210,2024-05-15 22:15:34.819858,-0.47444725,-1.7853397,-0.19378147,-2.7959301,0.5069418,-2.2657754
211,2024-05-15 22:15:34.837005,-0.9294005,-1.4538796,-0.09737884,-3.5576792,1.1300243,-2.558991
212,2024-05-15 22:15:34.853145,-1.264003,-1.0289758,0.43808278,-4.257731,1.476385,-2.5858688
213,2024-05-15 22:15:34.868802,-1.4741364,-0.83275384,0.9130486,-5.290093,2.1507802,-2.5919776
214,2024-05-15 22:15:34.885996,-1.6733174,-0.577714,1.4543676,-5.529552,2.4305565,-2.504624
215,2024-05-15 22:15:34.902837,-1.9534953,-0.099819414,2.3452072,-5.081788,2.3395376,-2.1362722
216,2024-05-15 22:15:34.918440,-1.7936378,0.4429639,2.1467886,-4.418999,1.1526264,-1.5064701
217,2024-05-15 22:15:34.935845,-1.6101067,0.63457936,1.8824744,-4.7849073,0.5545893,-0.89132875
218,2024-05-15 22:15:34.953641,-1.2679079,0.9025542,1.7760656,-5.0891185,0.5136613,-0.49426633
219,2024-05-15 22:15:34.969226,-1.2679079,0.9025542,1.7760656,-5.0891185,0.5136613,-0.49426633
220,2024-05-15 22:15:34.986925,-1.2679079,0.9025542,1.7760656,-5.0891185,0.5136613,-0.49426633
221,2024-05-15 22:15:35.002625,-1.2679079,0.9025542,1.7760656,-5.0891185,0.5136613,-0.49426633
222,2024-05-15 22:15:35.020221,-1.2679079,0.9025542,1.7760656,-5.0891185,0.5136613,-0.49426633
223,2024-05-15 22:15:35.034489,-1.2679079,0.9025542,1.7760656,-5.0891185,0.5136613,-0.49426633
224,2024-05-15 22:15:35.049582,-1.2679079,0.9025542,1.7760656,-5.0891185,0.5136613,-0.49426633
225,2024-05-15 22:15:35.069259,-1.2679079,0.9025542,1.7760656,-5.0891185,0.5136613,-0.49426633
226,2024-05-15 22:15:35.083403,0.30458343,1.7753334,2.1799805,2.0250182,-1.1643856,0.9705885
227,2024-05-15 22:15:35.098640,0.18548352,1.2046971,1.9293336,3.0298917,-1.3916274,0.6321692
228,2024-05-15 22:15:35.109807,0.14570218,1.1158602,1.862706,3.335935,-1.4716507,0.47273335
229,2024-05-15 22:15:35.121687,-0.026602242,0.87131494,1.5810639,3.8276815,-1.6799558,0.1306488
230,2024-05-15 22:15:35.136836,-0.1300825,0.8010264,1.4829224,3.9205332,-1.7636443,0.051236324
231,2024-05-15 22:15:35.152565,-0.6333591,0.58650005,1.2415497,4.0506473,-1.9676733,0.34200817
232,2024-05-15 22:15:35.171037,-0.6001673,0.42465958,1.1461233,4.0378194,-2.127109,0.7952702
233,2024-05-15 22:15:35.186893,-0.58479166,0.3904916,1.1312358,4.012163,-2.186363,0.7928267
234,2024-05-15 22:15:35.202541,-0.6052925,0.22916976,1.3867638,4.0054436,-2.2144628,0.42508584
235,2024-05-15 22:15:35.217780,-0.69632584,0.093717985,1.5144362,4.37013,-1.8790978,0.20883955
236,2024-05-15 22:15:35.237831,-0.9191501,-0.08053889,1.3174515,4.5533895,-1.4368314,0.23205243
237,2024-05-15 22:15:35.253494,-1.0323926,-0.27456442,1.076323,4.279111,-1.3250431,0.23816109
238,2024-05-15 22:15:35.268644,-1.2220252,-0.6336031,0.9542943,3.9596286,-1.2835042,0.22105686
239,2024-05-15 22:15:35.286400,-1.2310553,-0.6599613,0.9762595,3.1367931,-0.98234767,0.18318321
240,2024-05-15 22:15:35.303312,-1.3174515,-1.246919,1.3826149,2.4611762,0.25465444,0.16913332
241,2024-05-15 22:15:35.320668,-1.4375277,-1.6435426,1.374561,1.7928895,1.0585531,0.34261903
242,2024-05-15 22:15:35.335838,-1.4641299,-1.7916852,1.1080505,1.3884968,0.29497156,0.47762027
243,2024-05-15 22:15:35.354655,-1.0414228,-1.914446,0.5445222,0.09407325,-1.6579646,0.62178445
244,2024-05-15 22:15:35.369943,-0.66899145,-1.8487947,0.25211114,-0.71776664,-2.0031035,0.41592288
245,2024-05-15 22:15:35.387791,-0.5269501,-1.7982749,0.16107778,-1.0158689,-1.8583285,0.28336513
246,2024-05-15 22:15:35.403325,-0.22282428,-1.4550998,-0.005857374,-1.8942931,-0.3195589,-0.46616653
247,2024-05-15 22:15:35.418612,-0.45980385,-1.3450301,-0.022697324,-2.5870142,0.5490915,-0.9921215
248,2024-05-15 22:15:35.434519,-0.63750803,-1.1575941,0.020256752,-3.3903022,0.922941,-1.1692724
249,2024-05-15 22:15:35.453346,-0.7080406,-1.0443515,0.119343996,-3.8460076,1.158735,-1.1448379
250,2024-05-15 22:15:35.469131,-0.8381231,-0.7578283,0.5908931,-4.460538,1.970575,-0.935311
251,2024-05-15 22:15:35.486799,-0.80639565,-0.590649,0.8185985,-4.877148,2.8331165,-1.0605384
252,2024-05-15 22:15:35.502492,-0.8654575,-0.43930307,1.3638223,-4.9840493,2.8838184,-1.234635
253,2024-05-15 22:15:35.519570,-1.1217176,-0.0976229,1.8705157,-4.7445903,2.0903046,-1.4362205
254,2024-05-15 22:15:35.536745,-1.1468556,0.27310005,1.7958342,-4.614476,1.2521974,-1.053819
255,2024-05-15 22:15:35.552456,-1.01238,0.5372005,1.8390324,-4.7073274,1.3169491,-0.7392233
256,2024-05-15 22:15:35.570103,-0.7980977,0.98040843,2.1724145,-4.600426,1.7500526,-0.4881577
257,2024-05-15 22:15:35.585763,-0.7246365,1.5166328,2.567818,-4.2229114,1.8050305,-0.3580434
258,2024-05-15 22:15:35.603362,-0.7246365,1.5166328,2.567818,-4.2229114,1.8050305,-0.3580434
259,2024-05-15 22:15:35.619032,-0.7246365,1.5166328,2.567818,-4.2229114,1.8050305,-0.3580434
260,2024-05-15 22:15:35.636675,-0.7246365,1.5166328,2.567818,-4.2229114,1.8050305,-0.3580434
261,2024-05-15 22:15:35.652375,-0.7246365,1.5166328,2.567818,-4.2229114,1.8050305,-0.3580434
262,2024-05-15 22:15:35.669073,-0.7246365,1.5166328,2.567818,-4.2229114,1.8050305,-0.3580434
263,2024-05-15 22:15:35.686715,-0.7246365,1.5166328,2.567818,-4.2229114,1.8050305,-0.3580434
264,2024-05-15 22:15:35.702390,-0.7246365,1.5166328,2.567818,-4.2229114,1.8050305,-0.3580434
265,2024-05-15 22:15:35.719996,-0.7246365,1.5166328,2.567818,-4.2229114,1.8050305,-0.3580434
266,2024-05-15 22:15:35.770405,-0.7246365,1.5166328,2.567818,-4.2229114,1.8050305,-0.3580434
267,2024-05-15 22:15:35.784783,-0.67680126,0.43246946,1.6142557,4.237572,-1.4973071,0.73479456
268,2024-05-15 22:15:35.801788,-0.73903584,0.3116611,1.7069974,4.411669,-1.3965143,0.69753176
269,2024-05-15 22:15:35.820953,-0.8547189,0.10689708,1.8485507,4.728708,-1.3904057,0.6718754
270,2024-05-15 22:15:35.833847,-0.8735114,0.039781332,1.8971181,4.762916,-1.3458124,0.6669885
271,2024-05-15 22:15:35.849015,-1.0255591,-0.25552794,2.0440404,4.9614477,-0.74899715,0.67676234
272,2024-05-15 22:15:35.864487,-1.1676003,-0.70535594,1.9693589,5.009706,-0.6194937,0.67676234
273,2024-05-15 22:15:35.886455,-1.3557686,-1.3333153,1.568617,4.8478265,-0.80519676,0.47639853
274,2024-05-15 22:15:35.897943,-1.3923771,-1.4887798,1.2928017,4.5631633,-1.1002446,0.4116468
275,2024-05-15 22:15:35.921474,-1.4180031,-1.7375045,0.8469091,3.6505308,-1.1906527,0.84169596
276,2024-05-15 22:15:35.937684,-0.84202796,-2.1177459,0.34851375,2.1453588,-1.3500886,1.2295954
277,2024-05-15 22:15:35.952955,-0.5601419,-2.3552134,0.29164842,1.4966198,-1.1778245,0.9938014
278,2024-05-15 22:15:35.967896,-0.06858008,-2.1072514,0.028798755,0.5290093,-0.5828418,0.05795584
279,2024-05-15 22:15:35.983585,-0.038316987,-1.9966934,-0.11153416,-0.89675015,-0.3751476,-0.86811584
280,2024-05-15 22:15:36.003415,-0.090789296,-1.6059577,-0.33460248,-1.781894,-0.554742,-1.2273046
281,2024-05-15 22:15:36.018931,-0.30433938,-1.3525957,-0.0924977,-2.5900686,-0.3647629,-1.5370133
282,2024-05-15 22:15:36.037381,-0.42954078,-1.0914545,-0.21965154,-3.136182,0.43241623,-1.5852717
283,2024-05-15 22:15:36.052939,-0.45077375,-1.0587507,-0.24796216,-3.2375858,0.5387068,-1.5877151
284,2024-05-15 22:15:36.068628,-0.7239043,-0.9308648,-0.054912884,-4.514905,1.4098006,-1.5192982
285,2024-05-15 22:15:36.086637,-0.9645447,-0.8434923,0.36169282,-5.220454,2.2045362,-1.2413546
286,2024-05-15 22:15:36.102242,-1.0804719,-0.7519709,0.6052925,-5.5283303,2.54601,-1.1045207
287,2024-05-15 22:15:36.119505,-1.3279461,-0.6399486,1.0431311,-6.128811,2.6932285,-0.7795404
288,2024-05-15 22:15:36.135540,-1.340393,-0.50766957,1.6750259,-6.2986317,1.9003254,-0.446008
289,2024-05-15 22:15:36.153174,-1.2913374,-0.34900185,1.9927884,-6.162409,1.5325845,-0.35315648
290,2024-05-15 22:15:36.168687,-1.2417938,-0.099087246,2.2326968,-5.6193495,1.358488,-0.10209085
291,2024-05-15 22:15:36.186551,-1.0648522,0.21672285,2.1968203,-5.290704,1.3334424,0.08116872
292,2024-05-15 22:15:36.203208,-1.0648522,0.21672285,2.1968203,-5.290704,1.3334424,0.08116872
293,2024-05-15 22:15:36.218519,-0.94306767,0.8739995,3.002972,-4.8667636,1.3743705,0.24365887
294,2024-05-15 22:15:36.236490,-0.92281103,0.9713784,3.1040115,-4.646241,1.2784646,0.28458685
295,2024-05-15 22:15:36.252211,-0.92281103,0.9713784,3.1040115,-4.646241,1.2784646,0.28458685
296,2024-05-15 22:15:36.264351,-0.92281103,0.9713784,3.1040115,-4.646241,1.2784646,0.28458685
297,2024-05-15 22:15:36.285488,-0.92281103,0.9713784,3.1040115,-4.646241,1.2784646,0.28458685
298,2024-05-15 22:15:36.300815,-0.92281103,0.9713784,3.1040115,-4.646241,1.2784646,0.28458685
299,2024-05-15 22:15:36.316839,-0.92281103,0.9713784,3.1040115,-4.646241,1.2784646,0.28458685
300,2024-05-15 22:15:36.335510,-0.92281103,0.9713784,3.1040115,-4.646241,1.2784646,0.28458685
301,2024-05-15 22:15:36.353107,-0.92281103,0.9713784,3.1040115,-4.646241,1.2784646,0.28458685
302,2024-05-15 22:15:36.369831,-0.7173148,0.73927987,1.8136505,4.745812,-2.6750553,-0.23587035
303,2024-05-15 22:15:36.385420,-0.6838789,0.37096703,1.7882686,5.244278,-2.5235608,0.09094256
304,2024-05-15 22:15:36.403126,-0.62603736,0.16058967,1.7675235,5.5771995,-2.322586,0.10804679
305,2024-05-15 22:15:36.419557,-0.58601195,-0.2111095,1.6828357,6.191119,-1.842446,-0.07032586
306,2024-05-15 22:15:36.434959,-0.7077965,-0.43613032,1.5249307,6.47395,-1.3940709,-0.11308643
307,2024-05-15 22:15:36.450119,-0.7280533,-0.50620526,1.4033597,6.430578,-1.2169199,-0.019013181
308,2024-05-15 22:15:36.469245,-0.5701482,-0.6765572,1.3142787,5.9333344,-1.0367147,0.12454015
309,2024-05-15 22:15:36.484407,-0.42368335,-0.8454448,1.4328907,5.842926,-0.35987598,-0.53397256
310,2024-05-15 22:15:36.503116,-0.33899552,-1.4956133,1.5488483,5.8636956,-0.046502117,-0.7923686
311,2024-05-15 22:15:36.518471,-1.3716323,-1.8480625,0.8874227,5.1477613,1.5863407,-1.3274865
312,2024-05-15 22:15:36.535902,-1.5215139,-2.1245794,0.6821705,2.415972,1.5466344,0.51121783
313,2024-05-15 22:15:36.551067,-1.3220887,-2.408418,0.8869346,1.4031575,1.1190288,1.0884855
314,2024-05-15 22:15:36.569226,-0.5210927,-2.7679448,0.7492863,0.3036,-1.4875332,1.0512227
315,2024-05-15 22:15:36.585045,-0.14863087,-2.517786,0.05832968,-0.4166101,-3.4050393,-0.37698022
316,2024-05-15 22:15:36.602883,-0.16595893,-2.3071342,-0.27724904,-0.8717047,-3.4539084,-0.7636579
317,2024-05-15 22:15:36.619202,-0.319715,-1.8034,-0.6401926,-2.439185,-1.9499582,-1.157666
318,2024-05-15 22:15:36.635241,-0.6238408,-1.504674,-0.42587993,-3.9278636,-0.033673946,-1.207757
319,2024-05-15 22:15:36.653022,-0.77198356,-1.3899366,-0.21574661,-5.004208,1.0371728,-1.2205851
320,2024-05-15 22:15:36.668403,-1.0375179,-1.2527764,0.19378147,-5.476407,1.2473105,-1.1949288
321,2024-05-15 22:15:36.685961,-1.3935974,-0.9745511,0.98431337,-6.147137,1.8948276,-0.808862
322,2024-05-15 22:15:36.702060,-1.4441173,-0.8608204,1.2405735,-6.2082233,2.3639722,-0.6109416
323,2024-05-15 22:15:36.719864,-1.5854568,-0.42051062,2.1048107,-5.929058,3.6987126,-0.10086913
324,2024-05-15 22:15:36.735157,-1.460225,-0.20598431,2.0852861,-5.648671,2.3028855,0.14408784
325,2024-05-15 22:15:36.752978,-1.1546654,0.08908089,2.0394034,-5.917452,0.85513496,0.5429828
326,2024-05-15 22:15:36.768639,-1.0306844,0.21550256,2.1838853,-5.969375,0.8655197,0.809931
327,2024-05-15 22:15:36.786097,-0.590649,0.641901,2.526572,-5.71159,1.480661,1.1654545
328,2024-05-15 22:15:36.803031,-0.17352471,1.1695529,3.0408008,-4.802623,1.8129717,0.92538446
329,2024-05-15 22:15:36.818129,-0.11031388,1.4787734,3.2216473,-3.9816196,1.7091246,0.6718754
330,2024-05-15 22:15:36.835989,-0.16986385,1.9300656,3.0054123,-2.3047945,0.6633233,0.7091382
331,2024-05-15 22:15:36.852632,-0.15180361,2.0242717,2.9190161,-2.108096,0.44096833,0.7867181
332,2024-05-15 22:15:36.869129,0.14252943,2.1606998,2.747444,-1.1508701,-0.94569576,1.2528082
333,2024-05-15 22:15:36.884356,0.14252943,2.1606998,2.747444,-1.1508701,-0.94569576,1.2528082
334,2024-05-15 22:15:36.902937,0.14252943,2.1606998,2.747444,-1.1508701,-0.94569576,1.2528082
335,2024-05-15 22:15:36.918597,0.14252943,2.1606998,2.747444,-1.1508701,-0.94569576,1.2528082
336,2024-05-15 22:15:36.936291,0.14252943,2.1606998,2.747444,-1.1508701,-0.94569576,1.2528082
337,2024-05-15 22:15:36.949965,0.14252943,2.1606998,2.747444,-1.1508701,-0.94569576,1.2528082
338,2024-05-15 22:15:36.969920,0.14252943,2.1606998,2.747444,-1.1508701,-0.94569576,1.2528082
339,2024-05-15 22:15:36.983618,0.14252943,2.1606998,2.747444,-1.1508701,-0.94569576,1.2528082
340,2024-05-15 22:15:36.998908,0.14252943,2.1606998,2.747444,-1.1508701,-0.94569576,1.2528082
341,2024-05-15 22:15:37.018629,0.14252943,2.1606998,2.747444,-1.1508701,-0.94569576,1.2528082
342,2024-05-15 22:15:37.036463,-0.8696065,-0.37194324,1.9886395,5.752518,-1.1875983,-0.0800997
343,2024-05-15 22:15:37.052110,-0.9020661,-0.42612398,1.9832702,6.1031547,-0.74594283,-0.099647395
344,2024-05-15 22:15:37.068561,-0.87961286,-0.7002308,1.7499515,6.3035183,-0.88827443,-0.07338019
345,2024-05-15 22:15:37.085869,-0.7077965,-1.3772455,1.6328039,5.7732873,-1.1735485,-0.38736492
346,2024-05-15 22:15:37.102637,-0.8510581,-1.504674,1.7379928,5.144707,-0.31650457,-1.3421474
347,2024-05-15 22:15:37.118587,-1.3130585,-1.739457,1.735308,5.084842,0.45501825,-1.5217416
348,2024-05-15 22:15:37.135810,-1.4707196,-1.9688708,1.127575,4.270559,0.6175084,-0.79786634
349,2024-05-15 22:15:37.151881,-1.4707196,-1.9688708,1.127575,4.270559,0.6175084,-0.79786634
350,2024-05-15 22:15:37.167289,-0.8532546,-2.4652832,0.33655494,0.89736104,-2.739196,0.58513254
351,2024-05-15 22:15:37.186624,-0.09396204,-2.1826649,-0.10372432,-0.16615535,-3.3641112,-0.0110719325
352,2024-05-15 22:15:37.201932,0.049299564,-2.0066996,-0.32386398,-0.55771995,-2.9267318,-0.49548808
353,2024-05-15 22:15:37.218030,-0.07590181,-1.6137675,-0.7656381,-1.8154916,-1.4997505,-1.2578479
354,2024-05-15 22:15:37.235208,-0.38463423,-1.3196481,-0.74050015,-3.2284229,-0.44356453,-1.3494776
355,2024-05-15 22:15:37.252824,-0.49568027,-1.2788905,-0.6685033,-3.6651914,-0.18944459,-1.2908347
356,2024-05-15 22:15:37.268436,-0.70950496,-1.063388,-0.21843125,-5.2509975,1.0347294,-0.77037746
357,2024-05-15 22:15:37.286136,-0.78125775,-0.84202796,0.8007824,-6.4171395,2.8208992,-0.727006
358,2024-05-15 22:15:37.302547,-1.2232454,-0.58479166,2.1956,-6.282749,4.743903,-0.8100837
359,2024-05-15 22:15:37.319461,-1.2757177,-0.4991276,2.3308077,-5.9443297,4.8776827,-0.7777078
360,2024-05-15 22:15:37.335175,-1.4704754,-0.06662763,2.2265954,-5.030475,2.999272,-0.46616653
361,2024-05-15 22:15:37.352815,-1.3984785,0.07834238,2.0913877,-5.077512,1.2882384,-0.18272507
362,2024-05-15 22:15:37.369463,-1.0631438,0.32459614,1.9947408,-5.222287,-0.76854485,0.23510677
363,2024-05-15 22:15:37.385140,-0.56502306,0.76026887,1.8793018,-4.9480085,-1.1313988,0.7402923
364,2024-05-15 22:15:37.402773,-0.56502306,0.76026887,1.8793018,-4.9480085,-1.1313988,0.7402923
365,2024-05-15 22:15:37.419447,-0.26699865,1.3560126,1.9710674,-3.8924334,0.90950197,0.5124396
366,2024-05-15 22:15:37.436115,-0.5203605,1.9161544,2.1421516,-2.2821925,1.8593974,0.29374984
367,2024-05-15 22:15:37.451767,-0.68802786,2.0354984,1.9920563,-1.8332067,1.3505467,0.5668066
368,2024-05-15 22:15:37.469417,-0.59870297,2.148741,1.9898597,-1.7165314,-0.05933029,1.2405909
369,2024-05-15 22:15:37.485082,-0.22526483,1.8580688,2.710103,-0.852157,-0.62193716,1.3755922
370,2024-05-15 22:15:37.502769,-0.03441207,1.3979905,2.9238973,0.14538592,-0.6427066,1.1379656
371,2024-05-15 22:15:37.518445,-0.03441207,1.3979905,2.9238973,1.2431108,-0.5706245,0.75373137
372,2024-05-15 22:15:37.536099,-0.03441207,1.3979905,2.9238973,1.2431108,-0.5706245,0.75373137
373,2024-05-15 22:15:37.552748,-0.03441207,1.3979905,2.9238973,1.2431108,-0.5706245,0.75373137
374,2024-05-15 22:15:37.568417,-0.03441207,1.3979905,2.9238973,1.2431108,-0.5706245,0.75373137
375,2024-05-15 22:15:37.586038,-0.03441207,1.3979905,2.9238973,1.2431108,-0.5706245,0.75373137
376,2024-05-15 22:15:37.602743,-0.03441207,1.3979905,2.9238973,1.2431108,-0.5706245,0.75373137
377,2024-05-15 22:15:37.618397,-0.03441207,1.3979905,2.9238973,1.2431108,-0.5706245,0.75373137
378,2024-05-15 22:15:37.636010,-0.03441207,1.3979905,2.9238973,1.2431108,-0.5706245,0.75373137
379,2024-05-15 22:15:37.651237,-0.5557489,-0.3973252,1.4653502,5.612019,-1.429501,0.25343272
380,2024-05-15 22:15:37.669342,-0.5611181,-0.5359802,1.3150109,5.6059103,-0.90782213,0.14408784
381,2024-05-15 22:15:37.686033,-0.6724082,-1.1078063,1.2064054,4.7342057,-0.44661885,0.094607756
382,2024-05-15 22:15:37.703194,-0.8366587,-1.4509509,1.2398413,4.3493605,-0.24320072,-0.030008756
383,2024-05-15 22:15:37.718354,-0.9994449,-1.7311591,1.2068936,3.8014145,-0.16134478,-0.114308156
384,2024-05-15 22:15:37.735989,-1.0585068,-2.1323893,0.6999867,3.1172454,0.07078401,0.156916
385,2024-05-15 22:15:37.752653,-1.0585068,-2.1323893,0.6999867,1.2883148,0.021914791,0.9376018
386,2024-05-15 22:15:37.768380,-0.7351309,-2.513149,0.5313431,0.5516113,-1.1582769,0.9901362
387,2024-05-15 22:15:37.786032,-0.26651052,-2.2707696,-0.24112856,-0.64812803,-3.3751068,0.26870435
388,2024-05-15 22:15:37.801674,-0.14765464,-2.0415998,-0.50888985,-1.382999,-3.4410803,-0.0819323
389,2024-05-15 22:15:37.820031,-0.16913168,-1.692842,-0.50693744,-2.6316075,-2.4850762,-0.5932265
390,2024-05-15 22:15:37.835954,-0.6987664,-1.2930459,-0.16595893,-3.7446039,-0.0110719325,-0.8888853
391,2024-05-15 22:15:37.852548,-1.0941391,-1.0709537,-0.017572122,-4.1856484,0.7409032,-0.758771
392,2024-05-15 22:15:37.868292,-1.0941391,-1.0709537,-0.017572122,-4.673119,1.0719922,-0.56634843
393,2024-05-15 22:15:37.885967,-1.1915181,-0.7827221,0.9484369,-6.1446934,1.3572662,0.11476631
394,2024-05-15 22:15:37.903206,-1.1915181,-0.7827221,0.9484369,-6.1233134,2.083585,0.45623997
395,2024-05-15 22:15:37.918879,-1.0777874,-0.3482697,2.0542908,-5.5771995,3.030426,0.6706537
396,2024-05-15 22:15:37.935948,-0.9645447,-0.09005712,2.2822404,-4.7763553,3.002937,0.64133215
397,2024-05-15 22:15:37.952628,-1.0109156,0.15717287,2.1214066,-4.4703116,2.060372,0.8630762
398,2024-05-15 22:15:37.968242,-0.7649059,0.40318257,1.9303099,-4.710382,0.85024804,1.3499359
399,2024-05-15 22:15:37.985941,-0.079318605,0.9030423,2.5709906,-4.9706106,0.83314383,1.8276324
400,2024-05-15 22:15:38.003154,0.04271002,0.9948079,2.7928386,-4.604702,1.3163383,1.8080847
401,2024-05-15 22:15:38.019220,0.3145898,1.2325196,3.1464775,-3.3029485,2.0341048,1.4256831
402,2024-05-15 22:15:38.035847,0.2962855,1.4355752,2.9719768,-1.3176364,1.0390054,0.8300895
403,2024-05-15 22:15:38.052547,0.09469421,1.83708,2.2012134,-0.9419542,-0.29390255,1.086042
404,2024-05-15 22:15:38.069277,0.09469421,1.83708,2.2012134,-0.9419542,-0.29390255,1.086042
405,2024-05-15 22:15:38.084752,0.5123067,1.6640434,2.3259265,-0.2950479,-1.5125787,1.3193926
406,2024-05-15 22:15:38.100592,0.67021173,1.2940221,2.5007021,1.0366384,-1.2853369,0.63278
407,2024-05-15 22:15:38.118938,0.48006064,0.99700433,2.4237936,2.289523,-1.0868056,-0.33910656
408,2024-05-15 22:15:38.136452,-0.12837411,0.77271575,2.1521578,3.378085,-1.307328,-0.9707412
409,2024-05-15 22:15:38.152505,-0.39805737,0.69461745,2.0052354,3.6700783,-1.5785521,-0.91209817
410,2024-05-15 22:15:38.168224,-0.39805737,0.69461745,2.0052354,3.6700783,-1.5785521,-0.91209817
411,2024-05-15 22:15:38.185850,-0.39805737,0.69461745,2.0052354,3.6700783,-1.5785521,-0.91209817
412,2024-05-15 22:15:38.201528,-0.39805737,0.69461745,2.0052354,3.6700783,-1.5785521,-0.91209817
413,2024-05-15 22:15:38.219161,-0.39805737,0.69461745,2.0052354,3.6700783,-1.5785521,-0.91209817
414,2024-05-15 22:15:38.235842,-0.39805737,0.69461745,2.0052354,3.6700783,-1.5785521,-0.91209817
415,2024-05-15 22:15:38.251528,-0.39805737,0.69461745,2.0052354,3.6700783,-1.5785521,-0.91209817
416,2024-05-15 22:15:38.269496,-0.75685203,-0.12471326,1.5061383,5.4012704,-1.135064,-1.0501537
417,2024-05-15 22:15:38.284857,-0.75685203,-0.12471326,1.5061383,5.4012704,-1.135064,-1.0501537
418,2024-05-15 22:15:38.300484,-0.75685203,-0.12471326,1.5061383,5.4012704,-1.135064,-1.0501537
419,2024-05-15 22:15:38.319123,-1.0687572,-1.6786869,1.1746781,4.1996984,0.67492974,-0.74960804
420,2024-05-15 22:15:38.335394,-1.0504528,-1.8995585,1.15735,2.787378,1.5063174,-0.04955644
421,2024-05-15 22:15:38.352456,-0.8979171,-2.1597235,1.2361805,2.1563544,1.5063174,0.28153253
422,2024-05-15 22:15:38.369161,-0.75392336,-2.2173212,1.1261107,1.8356501,1.0646617,0.34078646
423,2024-05-15 22:15:38.384824,-0.5642909,-2.1558187,0.43930307,0.74097955,-0.92981327,0.17890716
424,2024-05-15 22:15:38.402449,-0.17254847,-1.7272543,-0.009518232,-0.65179324,-2.2254584,-0.056886826
425,2024-05-15 22:15:38.418145,0.012935034,-1.3926212,-0.19036464,-1.6664404,-1.914528,-0.51686835
426,2024-05-15 22:15:38.435741,-0.026846299,-1.2615625,-0.29774985,-2.1025982,-1.3091606,-0.78076214
427,2024-05-15 22:15:38.451483,-0.29164842,-1.0902342,-0.42685616,-2.9639182,-0.27985263,-1.0605384
428,2024-05-15 22:15:38.468538,-0.4842096,-1.0309283,-0.33826336,-3.7922513,0.37927097,-1.0996338
429,2024-05-15 22:15:38.503332,-1.0485004,-0.72756517,0.3824377,-5.8355956,1.3688726,0.04512767
430,2024-05-15 22:15:38.520545,-1.0504528,-0.46736962,1.2378888,-6.367659,2.3584743,0.39393172
431,2024-05-15 22:15:38.538287,-1.0626557,-0.32386398,2.0101166,-6.1843996,3.0646346,0.4507422
432,2024-05-15 22:15:38.549485,-1.1390457,-0.067359805,2.3608267,-5.4409766,2.5295167,0.45807257
433,2024-05-15 22:15:38.564703,-1.1417303,0.030019043,2.3764465,-5.177694,2.1581106,0.51121783
434,2024-05-15 22:15:38.585366,-0.68924814,0.7668584,2.0684462,-4.8887544,0.4030947,0.90889114
435,2024-05-15 22:15:38.601855,-0.37658033,1.187125,2.3823037,-4.718323,0.7244098,1.0897073
436,2024-05-15 22:15:38.617561,-0.1598575,1.4504627,2.636154,-4.301102,1.2216542,1.0469466
437,2024-05-15 22:15:38.632720,-0.0156196635,1.6760021,2.9002237,-2.928488,1.7860936,0.5271003
438,2024-05-15 22:15:38.652602,-0.21184167,1.9764366,2.6522617,-1.4477507,1.1550698,0.31085405
439,2024-05-15 22:15:38.668503,-0.21184167,1.9764366,2.6522617,-0.45937067,-0.0019089539,0.4525748
440,2024-05-15 22:15:38.684714,-0.011226633,1.8383002,2.399632,-0.025045475,-1.189431,0.7036404
441,2024-05-15 22:15:38.700824,0.15961345,1.5378658,2.4323354,1.1582005,-1.5516741,0.51121783
442,2024-05-15 22:15:38.716030,0.19719826,1.3884722,2.3605828,2.474615,-1.2938889,-0.13446671
443,2024-05-15 22:15:38.730279,0.017328065,1.0653404,2.0406237,3.0091221,-1.1643856,-0.42707115
444,2024-05-15 22:15:38.752339,-0.32239962,0.87253517,1.7497075,3.739717,-1.0562624,-0.73311466
445,2024-05-15 22:15:38.766251,-0.68802786,0.6987664,1.5778911,3.9816196,-1.3928491,-0.382478
446,2024-05-15 22:15:38.781651,-0.7248805,0.59919107,1.5534854,4.07386,-1.6640732,-0.14912748
447,2024-05-15 22:15:38.802328,-0.714142,0.556237,1.5478721,4.1190643,-1.7495944,-0.07704538
448,2024-05-15 22:15:38.816396,-0.714142,0.556237,1.5478721,4.1190643,-1.7495944,-0.07704538
449,2024-05-15 22:15:38.831638,-0.714142,0.556237,1.5478721,4.1190643,-1.7495944,-0.07704538
450,2024-05-15 22:15:38.852269,-0.714142,0.556237,1.5478721,4.1190643,-1.7495944,-0.07704538
451,2024-05-15 22:15:38.866335,-0.714142,0.556237,1.5478721,4.1190643,-1.7495944,-0.07704538
452,2024-05-15 22:15:38.881626,-0.714142,0.556237,1.5478721,4.1190643,-1.7495944,-0.07704538
453,2024-05-15 22:15:38.902256,-0.714142,0.556237,1.5478721,4.1190643,-1.7495944,-0.07704538
454,2024-05-15 22:15:38.916558,-0.714142,0.556237,1.5478721,4.1190643,-1.7495944,-0.07704538
455,2024-05-15 22:15:38.930010,-1.0670488,-1.6418341,1.1795592,4.1679335,0.6914231,-0.4264603
456,2024-05-15 22:15:38.951319,-0.67924184,-2.1453242,1.1368492,1.1184943,0.049403727,0.1483639
457,2024-05-15 22:15:38.966020,-0.44516042,-2.2026777,0.7983418,1.0122037,-0.47655123,-0.17234036
458,2024-05-15 22:15:38.981614,-0.35559142,-2.0530705,0.4127008,0.6969972,-1.5504524,-0.8797223
459,2024-05-15 22:15:39.002349,-0.24503349,-1.6264585,-0.25089085,-0.36896262,-2.1527655,-1.32993
460,2024-05-15 22:15:39.015898,-0.24112856,-1.2330077,-0.4983649,-1.8839084,-2.004936,-1.4490488
461,2024-05-15 22:15:39.031588,-0.32459614,-1.0912105,-0.5401292,-2.5638015,-1.6885079,-1.4459944
462,2024-05-15 22:15:39.052203,-0.56843984,-0.85837984,-0.39293218,-3.7299433,-0.80275327,-1.2743412
463,2024-05-15 22:15:39.065922,-0.8386112,-0.6985224,-0.022453265,-4.6114216,0.27236953,-0.9011026
464,2024-05-15 22:15:39.081549,-0.9303767,-0.60334,0.19256116,-4.9742756,0.69753176,-0.717843
465,2024-05-15 22:15:39.102593,-1.0013974,-0.49568027,0.46639338,-5.6920424,1.5472453,-0.28779387
466,2024-05-15 22:15:39.116590,-1.3176955,-0.03441207,1.6127913,-5.712201,2.2454643,0.11049025
467,2024-05-15 22:15:39.132571,-1.35406,0.15302388,1.858801,-5.4776287,2.2228622,0.34200817
468,2024-05-15 22:15:39.151496,-1.1346527,0.3372871,1.9473938,-4.932737,0.96631247,0.7946593
469,2024-05-15 22:15:39.168047,-0.7761325,0.59821486,1.768988,-4.3774605,0.024358252,0.9938014
470,2024-05-15 22:15:39.184813,-0.6206681,0.7661262,1.6557454,-4.2785,-0.063606344,1.1520154
471,2024-05-15 22:15:39.201199,-0.33460248,1.1156161,1.8656346,-4.0402627,0.38476875,1.4824936
472,2024-05-15 22:15:39.218309,0.00048811449,1.4968336,2.302741,-3.005457,1.0970377,1.5368606
473,2024-05-15 22:15:39.235518,0.06418706,1.6791748,2.4657714,-2.2656991,1.1324677,1.4122441
474,2024-05-15 22:15:39.252100,0.05027579,1.8673431,2.3007886,-1.0806206,0.4983897,1.3297772
475,2024-05-15 22:15:39.267865,0.052716363,1.8822305,2.3547254,-0.7654142,-0.13752104,1.4177419
476,2024-05-15 22:15:39.283466,0.09493827,1.7977866,2.585878,-0.2321288,-0.65736735,1.5356388
477,2024-05-15 22:15:39.302103,0.23819989,1.459981,2.8828957,0.9242391,-0.76793396,1.2460887
478,2024-05-15 22:15:39.317732,0.09567044,1.0546019,2.8023567,2.2314909,-1.1906527,0.5032766
479,2024-05-15 22:15:39.335450,-0.062478654,0.88302964,2.7010732,2.810591,-1.4734833,0.117820635
480,2024-05-15 22:15:39.351046,-0.4549227,0.59992325,2.4120789,3.8545597,-1.8589393,-0.35376734
481,2024-05-15 22:15:39.368711,-0.7070644,0.3909797,2.0023067,4.3689084,-2.0446424,-0.43134722
482,2024-05-15 22:15:39.385431,-0.7922403,0.26211748,1.8177994,4.4996333,-2.2370648,-0.47105345
483,2024-05-15 22:15:39.401719,-0.8281168,0.020012695,1.6999198,4.755586,-2.5113435,-0.5645158
484,2024-05-15 22:15:39.417169,-0.79102004,-0.24478942,1.5354251,5.2106805,-2.4123833,-0.85406595
485,2024-05-15 22:15:39.435411,-0.7995621,-0.37218732,1.4287416,5.431203,-2.2242367,-1.0012845
486,2024-05-15 22:15:39.452117,-0.7995621,-0.37218732,1.4287416,5.431203,-2.2242367,-1.0012845
487,2024-05-15 22:15:39.467810,-0.7995621,-0.37218732,1.4287416,5.431203,-2.2242367,-1.0012845
488,2024-05-15 22:15:39.483451,-0.7995621,-0.37218732,1.4287416,5.431203,-2.2242367,-1.0012845
489,2024-05-15 22:15:39.502076,-0.7995621,-0.37218732,1.4287416,5.431203,-2.2242367,-1.0012845
490,2024-05-15 22:15:39.517776,-0.7995621,-0.37218732,1.4287416,5.431203,-2.2242367,-1.0012845
491,2024-05-15 22:15:39.535390,-0.7995621,-0.37218732,1.4287416,5.431203,-2.2242367,-1.0012845
492,2024-05-15 22:15:39.551506,-0.6411689,-1.641102,0.33753118,4.223522,0.0066431593,-0.83146393
493,2024-05-15 22:15:39.567721,-0.6411689,-1.641102,0.33753118,4.223522,0.0066431593,-0.83146393
494,2024-05-15 22:15:39.583378,-0.77906126,-1.5073586,-0.21623473,-0.8393288,-1.2835042,0.37255144
495,2024-05-15 22:15:39.602169,-0.38439015,-1.2686402,-0.29872608,-2.3689353,-2.02876,0.45929432
496,2024-05-15 22:15:39.618164,-0.19939478,-1.0709537,-0.13252309,-3.2711835,-0.90843296,0.23877195
497,2024-05-15 22:15:39.634370,-0.31995904,-0.9506335,-0.021477038,-3.9144244,0.8178722,-0.11247557
498,2024-05-15 22:15:39.652436,-0.4685899,-0.8808331,0.076389916,-4.265672,1.458059,-0.25114197
499,2024-05-15 22:15:39.670854,-0.73317844,-0.7536793,0.47762007,-4.932737,2.159943,-0.37270415
500,2024-05-15 22:15:39.686795,-1.0092071,-0.47981656,1.1690648,-5.263215,2.695672,-0.22365303
501,2024-05-15 22:15:39.702036,-1.0709537,-0.3487578,1.4238604,-5.2247305,2.8306732,-0.06971499
502,2024-05-15 22:15:39.717199,-1.0482564,-0.1295944,1.6818595,-5.06224,2.3774111,0.1483639
503,2024-05-15 22:15:39.729889,-0.9882183,-0.0134231495,1.7470227,-5.007262,1.9504163,0.22960897
504,2024-05-15 22:15:39.751866,-0.81518173,0.27871338,1.9415363,-4.7952924,1.3896421,0.5093852
505,2024-05-15 22:15:39.766027,-0.7656381,0.36559775,1.9717995,-4.656015,1.1984413,0.6547712
506,2024-05-15 22:15:39.781837,-0.5889406,0.5669755,2.0276887,-4.388456,0.8618545,0.9461539
507,2024-05-15 22:15:39.801885,-0.20183535,0.90328634,2.1990168,-3.7788124,0.7048621,1.1996629
508,2024-05-15 22:15:39.817245,-0.04271002,1.2620505,2.3605828,-2.9034426,0.71280336,1.1740067
509,2024-05-15 22:15:39.835292,0.011226633,1.5071145,2.403781,-1.9639318,0.478842,1.2625821
510,2024-05-15 22:15:39.851996,0.041245673,1.5383539,2.3759582,-1.8625281,0.41409028,1.2815189
511,2024-05-15 22:15:39.867343,0.37609223,1.5300559,2.401096,-0.9682214,-0.60544384,1.2454779
512,2024-05-15 22:15:39.885312,0.513527,1.3389286,2.5761156,-0.20158553,-0.89316136,0.8270352
513,2024-05-15 22:15:39.901925,0.52548575,1.178827,2.6256592,0.40744713,-1.0049497,0.43363798
514,2024-05-15 22:15:39.917391,0.42392743,0.8281168,2.5331616,1.6939293,-1.2700652,-0.48693597
515,2024-05-15 22:15:39.935288,0.15033926,0.53475994,2.2441673,2.7482827,-1.8290069,-1.2920563
516,2024-05-15 22:15:39.951486,-0.017572122,0.42099872,2.0735714,3.1697798,-2.1399374,-1.4979179
517,2024-05-15 22:15:39.967339,-0.15155955,0.19597797,1.7318912,3.7195585,-2.648788,-1.8033506
518,2024-05-15 22:15:39.985293,-0.23356278,-0.017816179,1.5637358,3.8704422,-2.7275896,-1.9310215
519,2024-05-15 22:15:40.001908,-0.29433304,-0.114218794,1.5149243,4.524068,-2.722092,-2.426433
520,2024-05-15 22:15:40.018367,-0.6475144,-0.23380683,1.3982345,5.425094,-2.1118376,-2.6823857
521,2024-05-15 22:15:40.035262,-0.7317141,-0.24771811,1.3611377,5.5826974,-1.987221,-2.6457338
522,2024-05-15 22:15:40.051715,-1.0480123,-0.30677995,1.0236065,6.237545,-1.1918745,-2.1173353
523,2024-05-15 22:15:40.067064,-1.0516732,-0.31312546,0.5401292,5.932723,-0.59078306,-1.5241852
524,2024-05-15 22:15:40.082219,-1.0516732,-0.31312546,0.5401292,5.932723,-0.59078306,-1.5241852
525,2024-05-15 22:15:40.102149,-1.0516732,-0.31312546,0.5401292,5.932723,-0.59078306,-1.5241852
526,2024-05-15 22:15:40.116110,-1.0516732,-0.31312546,0.5401292,5.932723,-0.59078306,-1.5241852
527,2024-05-15 22:15:40.132205,-1.0516732,-0.31312546,0.5401292,5.932723,-0.59078306,-1.5241852
528,2024-05-15 22:15:40.151810,-1.0516732,-0.31312546,0.5401292,5.932723,-0.59078306,-1.5241852
529,2024-05-15 22:15:40.168493,-1.0516732,-0.31312546,0.5401292,5.932723,-0.59078306,-1.5241852
530,2024-05-15 22:15:40.184182,-1.0516732,-0.31312546,0.5401292,5.932723,-0.59078306,-1.5241852
531,2024-05-15 22:15:40.201798,-0.40318257,-1.9237202,0.47932845,-1.2547172,-2.1497111,0.5912412
532,2024-05-15 22:15:40.219627,-0.20183535,-1.522246,0.08639627,-1.9828686,-1.9817232,-0.15767959
533,2024-05-15 22:15:40.238380,-0.35046622,-1.1500282,-0.10665302,-2.5668557,-0.6249915,-0.92492634
534,2024-05-15 22:15:40.251548,-0.569172,-0.99358755,-0.18011424,-2.8863382,0.07506007,-1.1375074
535,2024-05-15 22:15:40.266977,-0.84666514,-0.8534987,-0.22062775,-3.2992833,0.6492734,-1.1411726
536,2024-05-15 22:15:40.282116,-1.2046971,-0.64482975,-0.17938207,-4.410447,1.1520154,-0.58833957
537,2024-05-15 22:15:40.297605,-1.3506433,-0.6480025,0.40269446,-5.621182,1.4617242,0.31940615
538,2024-05-15 22:15:40.318180,-1.1141518,-0.4327135,1.0114038,-5.874691,2.2821162,0.8423068
539,2024-05-15 22:15:40.332590,-1.0331249,-0.37072295,1.1114672,-5.889352,2.5337927,0.8056549
540,2024-05-15 22:15:40.348252,-0.62725765,0.14716652,1.7045568,-5.8783565,2.5399013,0.8062658
541,2024-05-15 22:15:40.367504,-0.3385074,0.7761325,2.7235262,-5.4880133,3.0377564,0.8337547
542,2024-05-15 22:15:40.385954,-0.12593354,1.3142787,3.255083,-4.719545,3.4299319,0.7635052
543,2024-05-15 22:15:40.401610,-0.060038086,1.3982345,3.263137,-3.7012324,3.2094097,0.64072126
544,2024-05-15 22:15:40.418702,0.32093528,1.8622179,3.319514,-2.1386392,0.73235106,0.26320657
545,2024-05-15 22:15:40.435578,0.34631723,1.9984018,2.9512317,-0.6976081,-0.74899715,0.19662225
546,2024-05-15 22:15:40.450790,0.34631723,1.9984018,2.9512317,-0.12461651,-1.2199743,0.23510677
547,2024-05-15 22:15:40.468433,0.41733786,1.7211527,2.371077,0.7086037,-1.4802028,0.17707457
548,2024-05-15 22:15:40.484962,0.29213652,1.3386846,2.4464908,1.0225884,-1.3897948,0.06650795
549,2024-05-15 22:15:40.500216,0.24674188,1.2593659,2.4545448,1.9743165,-1.1332314,-0.33360878
550,2024-05-15 22:15:40.517431,-0.3231318,0.8488616,2.1316571,3.5729508,-1.0739775,-0.91270906
551,2024-05-15 22:15:40.535120,-0.7675905,0.6838789,1.7187122,3.8295143,-1.5724435,-0.65919995
552,2024-05-15 22:15:40.550665,-0.837635,0.5889406,1.6706328,3.7006216,-2.0165424,-0.34277177
553,2024-05-15 22:15:40.567852,-0.70486784,0.30385128,1.7860719,3.907705,-2.4142158,-0.19799669
554,2024-05-15 22:15:40.584517,-0.65117526,0.1871919,1.7887566,4.114177,-2.3958898,-0.2822961
555,2024-05-15 22:15:40.600355,-0.62017995,-0.10201593,1.768988,4.7714686,-1.9633973,-0.6372088
556,2024-05-15 22:15:40.617428,-0.748066,-0.42441553,1.5678847,5.4177637,-1.2163091,-1.0354929
557,2024-05-15 22:15:40.635354,-1.046548,-0.7788172,1.3979905,5.5191674,-0.7557167,-1.0354929
558,2024-05-15 22:15:40.650379,-1.149296,-0.98358124,1.268396,5.4880133,-0.7001279,-1.0092257
559,2024-05-15 22:15:40.667858,-1.1705291,-1.2347162,0.94502014,4.7384815,-0.863229,-0.71539956
560,2024-05-15 22:15:40.684854,-1.016285,-1.426301,0.77100736,3.9492438,-1.2413546,-0.4197408
561,2024-05-15 22:15:40.700309,-1.0243388,-1.5752064,0.6914447,3.6816847,-1.3256539,-0.35987598
562,2024-05-15 22:15:40.716339,-1.017017,-1.7638626,0.49812084,3.2443054,-1.2535719,-0.26091582
563,2024-05-15 22:15:40.735008,-1.017017,-1.7638626,0.49812084,3.2443054,-1.2535719,-0.26091582
564,2024-05-15 22:15:40.751634,-1.017017,-1.7638626,0.49812084,3.2443054,-1.2535719,-0.26091582
565,2024-05-15 22:15:40.767307,-1.017017,-1.7638626,0.49812084,3.2443054,-1.2535719,-0.26091582
566,2024-05-15 22:15:40.784953,-1.017017,-1.7638626,0.49812084,3.2443054,-1.2535719,-0.26091582
567,2024-05-15 22:15:40.801661,-1.017017,-1.7638626,0.49812084,3.2443054,-1.2535719,-0.26091582
568,2024-05-15 22:15:40.817915,-0.87912476,-1.6596503,-0.31898284,-0.28710666,-0.49793154,0.88567823
569,2024-05-15 22:15:40.833972,-0.87912476,-1.6596503,-0.31898284,-0.28710666,-0.49793154,0.88567823
570,2024-05-15 22:15:40.849650,-0.87912476,-1.6596503,-0.31898284,-0.28710666,-0.49793154,0.88567823
571,2024-05-15 22:15:40.867615,-0.9150011,-0.76295346,1.2649792,-5.3566775,3.5240052,0.37743837
572,2024-05-15 22:15:40.885002,-0.79638934,-0.46736962,1.8214604,-5.5356607,3.1049516,0.15263996
573,2024-05-15 22:15:40.900175,-0.7741801,-0.3841461,1.9869311,-5.5069504,2.9400182,0.07200574
574,2024-05-15 22:15:40.917340,-0.6138345,-0.06638357,2.4167159,-4.881424,2.337094,-0.11491902
575,2024-05-15 22:15:40.934913,-0.42514774,0.10665302,2.404757,-4.1868706,1.9937878,-0.27130052
576,2024-05-15 22:15:40.951565,-0.15229172,0.33655494,2.1306808,-3.5674531,1.6688075,-0.53763777
577,2024-05-15 22:15:40.968071,-0.12471326,0.6733844,1.8819865,-3.0946434,1.5136477,-0.6836346
578,2024-05-15 22:15:40.984753,-0.13154685,1.0563103,1.8793018,-2.8716774,1.3358859,-0.39347357
579,2024-05-15 22:15:41.000201,-0.122760795,1.1449031,1.904928,-2.7995954,1.1098658,-0.273744
580,2024-05-15 22:15:41.017231,-0.102748096,1.5234663,2.0386713,-2.2516494,0.14164437,0.32979086
581,2024-05-15 22:15:41.035416,-0.015375607,1.8004713,2.0049913,-1.858863,-0.26763535,0.65904725
582,2024-05-15 22:15:41.051019,-0.029774986,1.7799705,1.9815617,-1.350623,-0.6830237,1.0066296
583,2024-05-15 22:15:41.067170,0.20574026,1.7279862,1.935679,-0.65118235,-1.2102004,1.467222
584,2024-05-15 22:15:41.084852,0.31019676,1.6784426,2.0345223,-0.40500367,-1.3287083,1.4403439
585,2024-05-15 22:15:41.101597,0.4148973,1.5032096,2.4364846,0.17531833,-1.2492958,1.1642329
586,2024-05-15 22:15:41.117234,0.15180361,1.1649158,2.8545852,1.8216002,-0.60483295,0.27786732
587,2024-05-15 22:15:41.134382,-0.04002539,1.0070107,2.8953426,2.556471,-0.56940275,-0.05261077
588,2024-05-15 22:15:41.150549,-0.40952805,0.83739096,2.699853,3.4238997,-0.99456495,-0.34521523
589,2024-05-15 22:15:41.168200,-0.8500819,0.5642909,2.1253114,3.8466184,-2.7049878,-0.25725064
590,2024-05-15 22:15:41.184716,-0.71389794,0.28213018,2.0437965,4.1636577,-3.3115768,-0.3384957
591,2024-05-15 22:15:41.200011,-0.6480025,0.14497001,1.9901037,4.4874163,-3.2639294,-0.5241987
592,2024-05-15 22:15:41.217147,-0.6211562,-0.09811102,1.7711844,5.2418346,-2.6622272,-1.022054
593,2024-05-15 22:15:41.234809,-0.70950496,-0.2796896,1.5459197,5.6309557,-2.059303,-1.2761738
594,2024-05-15 22:15:41.250453,-0.7844305,-0.42905265,1.3447859,5.8099394,-1.6139823,-1.3818536
595,2024-05-15 22:15:41.267885,-0.9542943,-0.8769282,1.1026812,5.773898,-0.976239,-1.2499067
596,2024-05-15 22:15:41.284562,-1.0082309,-1.0951153,0.9960281,5.3432384,-0.5803983,-1.084973
597,2024-05-15 22:15:41.300949,-1.0143324,-1.332339,0.75294715,4.977941,-0.37453675,-1.0373255
598,2024-05-15 22:15:41.322451,-1.0331249,-1.4814581,0.5428138,3.5534031,0.28580856,-0.6708064
599,2024-05-15 22:15:41.334226,-1.0394703,-1.5825281,0.65922916,2.2950208,0.54786974,-0.16867517
600,2024-05-15 22:15:41.353858,-1.0394703,-1.5825281,0.65922916,2.2950208,0.54786974,-0.16867517
601,2024-05-15 22:15:41.369579,-1.0394703,-1.5825281,0.65922916,2.2950208,0.54786974,-0.16867517
602,2024-05-15 22:15:41.386890,-1.0394703,-1.5825281,0.65922916,2.2950208,0.54786974,-0.16867517
603,2024-05-15 22:15:41.398532,-1.0394703,-1.5825281,0.65922916,2.2950208,0.54786974,-0.16867517
604,2024-05-15 22:15:41.413741,-1.0394703,-1.5825281,0.65922916,2.2950208,0.54786974,-0.16867517
605,2024-05-15 22:15:41.434422,-1.0394703,-1.5825281,0.65922916,2.2950208,0.54786974,-0.16867517
606,2024-05-15 22:15:41.450054,-0.011714748,-1.0694894,-0.082491346,-3.1355712,0.2045635,-0.53397256
607,2024-05-15 22:15:41.468046,-0.011714748,-1.0694894,-0.082491346,-3.1355712,0.2045635,-0.53397256
608,2024-05-15 22:15:41.483357,-0.7597807,-0.65312773,0.28383857,-4.4623704,2.504471,-0.8852201
609,2024-05-15 22:15:41.501402,-0.9071913,-0.5359802,0.46785772,-4.7128253,2.704224,-0.7935903
610,2024-05-15 22:15:41.517037,-1.2054292,-0.024649782,1.7836314,-5.357899,2.954068,-0.14790575
611,2024-05-15 22:15:41.534751,-1.131724,0.37169918,2.1389787,-4.4806967,1.969964,0.10865766
612,2024-05-15 22:15:41.550835,-1.0877936,0.5140151,2.0535588,-4.13739,1.4794393,0.23693936
613,2024-05-15 22:15:41.568018,-0.90060174,0.7700311,1.6567216,-3.8099666,1.0567205,0.6834819
614,2024-05-15 22:15:41.584572,-0.68924814,0.8874227,1.5883856,-3.7763689,1.2430344,1.1966087
615,2024-05-15 22:15:41.601388,-0.5830833,0.95868737,1.7109023,-3.7256672,1.4727198,1.4128549
616,2024-05-15 22:15:41.616035,-0.4417436,1.0306844,1.8390324,-3.5607336,1.4012485,1.6327665
617,2024-05-15 22:15:41.634715,-0.15424417,1.1341646,2.0540469,-3.4526103,1.2479213,1.7152332
618,2024-05-15 22:15:41.651372,0.09030118,1.200548,2.1340976,-2.5411994,0.4996114,1.7353919
619,2024-05-15 22:15:41.668033,0.3521746,1.2959745,2.106275,-1.636508,0.30230194,1.467222
620,2024-05-15 22:15:41.684708,0.44223174,1.4631537,2.0220752,-0.72021013,0.18257235,1.0933725
621,2024-05-15 22:15:41.700330,0.44491637,1.4194674,2.1514256,-0.49968776,0.021914791,0.9711994
622,2024-05-15 22:15:41.718624,0.46151224,1.1924943,2.490421,0.3744604,-0.28046352,0.5216026
623,2024-05-15 22:15:41.733675,0.4368625,1.0658286,2.5190065,0.9718866,-0.55168766,0.15202908
624,2024-05-15 22:15:41.751324,0.40830776,1.0236065,2.5065596,2.125811,-1.2517393,-0.62193716
625,2024-05-15 22:15:41.767072,0.19573392,0.8866905,2.3893814,2.6456573,-1.3897948,-0.876668
626,2024-05-15 22:15:41.784623,-0.47859627,0.5833273,1.7536124,3.8234055,-1.7941875,-0.9676869
627,2024-05-15 22:15:41.801355,-0.47859627,0.5833273,1.7536124,3.8234055,-1.7941875,-0.9676869
628,2024-05-15 22:15:41.817962,-0.64385355,0.4097721,1.4077528,4.10196,-2.3244185,-0.87361366
629,2024-05-15 22:15:41.833639,-0.6838789,0.22135992,1.2786465,4.4593163,-2.4795785,-0.74777544
630,2024-05-15 22:15:41.851280,-0.6235968,0.044418417,1.2198286,4.6437974,-2.2083542,-0.77221
631,2024-05-15 22:15:41.867934,-0.60895336,-0.073461235,1.1649158,4.8844786,-1.4154512,-0.7777078
632,2024-05-15 22:15:41.884620,-0.5755175,-0.29091623,1.0602151,4.874705,-0.7245625,-0.6934084
633,2024-05-15 22:15:41.901265,-0.5755175,-0.29091623,1.0602151,4.750699,-0.55229855,-0.618272
634,2024-05-15 22:15:41.916961,-0.43881494,-0.7192672,1.2330077,4.347528,0.024358252,-0.7887034
635,2024-05-15 22:15:41.934216,-0.837635,-1.1114672,1.2125069,3.7904189,0.61139977,-1.2450197
636,2024-05-15 22:15:41.951247,-1.0831566,-1.0799838,1.16638,3.2834008,0.578413,-1.1491139
637,2024-05-15 22:15:41.967908,-1.4660825,-1.2190965,1.1666241,2.5216517,0.53443074,-0.5144249
638,2024-05-15 22:15:41.984502,-1.4646181,-1.4826783,0.9794322,1.5088371,-0.20166188,0.35850155
639,2024-05-15 22:15:42.000258,-1.3955499,-1.5320083,0.93379354,1.2699889,-0.46983173,0.5093852
640,2024-05-15 22:15:42.017864,-1.3955499,-1.5320083,0.93379354,1.2699889,-0.46983173,0.5093852
641,2024-05-15 22:15:42.035093,-1.3955499,-1.5320083,0.93379354,1.2699889,-0.46983173,0.5093852
642,2024-05-15 22:15:42.050249,-1.3955499,-1.5320083,0.93379354,1.2699889,-0.46983173,0.5093852
643,2024-05-15 22:15:42.067837,-1.3955499,-1.5320083,0.93379354,1.2699889,-0.46983173,0.5093852
644,2024-05-15 22:15:42.084532,-1.3955499,-1.5320083,0.93379354,1.2699889,-0.46983173,0.5093852
645,2024-05-15 22:15:42.100231,-1.3955499,-1.5320083,0.93379354,1.2699889,-0.46983173,0.5093852
646,2024-05-15 22:15:42.117840,-1.3955499,-1.5320083,0.93379354,1.2699889,-0.46983173,0.5093852
647,2024-05-15 22:15:42.133497,-1.3955499,-1.5320083,0.93379354,1.2699889,-0.46983173,0.5093852
648,2024-05-15 22:15:42.150549,-0.96722937,-0.063943,0.54745096,-4.108069,1.4385113,-0.14607315
649,2024-05-15 22:15:42.165878,-0.9362341,0.13716017,0.8393434,-4.1935897,1.4507287,0.036575556
650,2024-05-15 22:15:42.184522,-0.7514828,0.28164205,1.0250709,-4.488027,1.3004557,0.7635052
651,2024-05-15 22:15:42.199869,-0.5969946,0.48909074,1.2205608,-4.75131,0.9675342,1.0897073
652,2024-05-15 22:15:42.215867,-0.5240214,0.58479166,1.4382598,-4.81484,0.94432133,1.2723559
653,2024-05-15 22:15:42.234523,-0.15107143,0.8281168,2.3000565,-4.1123447,1.6474272,1.4464525
654,2024-05-15 22:15:42.251169,-0.02757847,0.9494132,2.4223292,-3.2943962,1.8459585,1.2051607
655,2024-05-15 22:15:42.266778,0.015375607,1.1197652,2.324218,-2.6847527,1.648038,0.9534843
656,2024-05-15 22:15:42.284464,-0.0370967,1.417515,2.2226903,-2.2540927,0.7543422,0.83497643
657,2024-05-15 22:15:42.301374,0.07297312,1.6003444,2.4338,-1.8600847,-0.06910413,1.076879
658,2024-05-15 22:15:42.316807,0.23966423,1.5539736,2.5873425,-1.3695599,-0.35254562,1.0212903
659,2024-05-15 22:15:42.332504,0.35754386,1.4409444,2.76404,-0.46120325,-0.5315291,0.59185207
660,2024-05-15 22:15:42.348085,0.24527754,1.2159237,2.7681887,1.0989466,-0.8161923,-0.31589368
661,2024-05-15 22:15:42.367771,0.087616555,1.1090267,2.6420112,2.5124888,-1.1967614,-0.9414197
662,2024-05-15 22:15:42.384621,-0.2677308,0.8766842,2.1685097,3.068987,-1.4221706,-1.0745883
663,2024-05-15 22:15:42.400091,-0.49738866,0.67069983,1.6079102,3.7836993,-1.9016999,-1.1338422
664,2024-05-15 22:15:42.418069,-0.55745727,0.586256,1.3674833,3.916868,-2.12772,-1.1130729
665,2024-05-15 22:15:42.431365,-0.60041136,0.47884035,1.1851726,3.9962804,-2.281047,-1.1179597
666,2024-05-15 22:15:42.446717,-0.692909,0.41050428,1.131968,4.8679852,-1.7691422,-1.3580298
667,2024-05-15 22:15:42.466710,-0.72195184,0.39878955,1.0992644,4.9706106,-1.6848427,-1.3726906
668,2024-05-15 22:15:42.484704,-0.9865099,0.34704942,0.4702983,5.3194146,-0.7795404,-0.7557167
669,2024-05-15 22:15:42.500099,-0.87595195,0.32947728,0.42270714,4.77941,-0.43928847,-0.050167307
670,2024-05-15 22:15:42.518205,-0.69046843,0.28383857,0.54793906,4.434271,-0.22365303,0.22350033
671,2024-05-15 22:15:42.533966,-0.413677,0.047347106,1.0919427,4.105625,0.15874861,0.4098142
672,2024-05-15 22:15:42.549626,-0.56063,-0.31434575,1.8483065,3.535077,2.4317782,0.4702899
673,2024-05-15 22:15:42.567698,-0.7285414,-0.58479166,2.0062115,3.4605515,2.6235898,0.64682996
674,2024-05-15 22:15:42.582399,-0.99700433,-1.1551535,1.8353715,2.6285532,1.0945941,1.3010666
675,2024-05-15 22:15:42.600652,-0.7754004,-1.7318912,1.6850322,1.2479976,-1.1588877,1.616884
676,2024-05-15 22:15:42.616169,-0.5533083,-1.9261607,1.6166962,0.8246681,-1.9401844,1.5063174
677,2024-05-15 22:15:42.634380,-0.31873876,-2.0533147,1.4306941,0.59742624,-2.3848944,1.2259302
678,2024-05-15 22:15:42.650035,-0.31873876,-2.0533147,1.4306941,0.59742624,-2.3848944,1.2259302
679,2024-05-15 22:15:42.667639,-0.31873876,-2.0533147,1.4306941,0.59742624,-2.3848944,1.2259302
680,2024-05-15 22:15:42.683317,-0.31873876,-2.0533147,1.4306941,0.59742624,-2.3848944,1.2259302
681,2024-05-15 22:15:42.700961,-0.31873876,-2.0533147,1.4306941,0.59742624,-2.3848944,1.2259302
682,2024-05-15 22:15:42.716626,-0.83080137,-0.5284144,0.311173,-2.8600712,-1.0031171,-1.1735485
683,2024-05-15 22:15:42.734628,-0.83080137,-0.5284144,0.311173,-2.8600712,-1.0031171,-1.1735485
684,2024-05-15 22:15:42.749968,-0.83080137,-0.5284144,0.311173,-2.8600712,-1.0031171,-1.1735485
685,2024-05-15 22:15:42.762103,-0.7844305,0.12129646,0.383658,-4.0317106,-0.7050148,0.23205243
686,2024-05-15 22:15:42.784285,-0.7358631,0.25699228,0.37804466,-4.0188823,0.29802588,0.3994295
687,2024-05-15 22:15:42.798302,-0.7788172,0.37413976,0.29164842,-4.1874814,1.045114,0.5949064
688,2024-05-15 22:15:42.813650,-0.803467,0.40635532,0.48225713,-4.595539,1.4831045,0.9852493
689,2024-05-15 22:15:42.834330,-0.5625825,0.5332956,0.78174585,-4.7445903,2.1184044,1.4427874
690,2024-05-15 22:15:42.848452,-0.43661842,0.66020536,1.0477682,-4.9522843,2.7781389,1.5112042
691,2024-05-15 22:15:42.863648,-0.3133695,0.8190866,1.5827723,-5.1239376,3.7005453,1.4886023
692,2024-05-15 22:15:42.884259,-0.19671014,0.9794322,2.7423186,-3.9828415,4.7145815,0.87223923
693,2024-05-15 22:15:42.898312,-0.105676785,1.280843,2.7257228,-2.5192082,3.0151546,0.16241379
694,2024-05-15 22:15:42.913570,-0.08175918,1.4550998,2.6139445,-2.3597724,2.4085653,0.035353824
695,2024-05-15 22:15:42.934735,0.025137896,1.7331116,2.7625754,-1.8564194,-0.022678372,-0.10636691
696,2024-05-15 22:15:42.948361,0.25772443,1.5837485,2.904861,-1.0940597,-0.44356453,-0.4563927
697,2024-05-15 22:15:42.963677,0.22404456,1.3933533,3.0901003,-0.2144137,-0.2120466,-0.9145416
698,2024-05-15 22:15:42.984253,0.01952458,1.2925577,3.0010195,1.9254472,0.31085405,-1.8161787
699,2024-05-15 22:15:43.000856,-0.5716126,1.1183008,2.327635,3.2821789,-0.36170858,-2.0874028
700,2024-05-15 22:15:43.016526,-0.9896826,1.0248269,1.7372605,3.8038578,-1.5999324,-1.2633457
701,2024-05-15 22:15:43.034193,-0.9391628,0.92451936,1.5076026,3.9382482,-1.9719493,-0.78809255
702,2024-05-15 22:15:43.049399,-0.667039,0.65117526,1.1922501,4.145942,-2.1649828,-0.2755766
703,2024-05-15 22:15:43.066538,-0.41221267,0.30580372,1.1214736,4.465425,-1.6097063,-0.16867517
704,2024-05-15 22:15:43.084232,-0.25333142,0.12178457,1.1090267,4.687169,-1.066647,-0.29390255
705,2024-05-15 22:15:43.099842,-0.14057697,-0.16864355,1.0450836,4.973054,-0.16134478,-0.67569333
706,2024-05-15 22:15:43.117546,-0.16937573,-0.4368625,1.0106715,4.935791,0.5136613,-0.6689738
707,2024-05-15 22:15:43.132855,-0.15717287,-0.66947955,1.0387381,4.750088,0.82275915,-0.5565746
708,2024-05-15 22:15:43.150836,-0.208913,-1.3633343,1.2422819,4.0720277,1.5887841,-0.62071544
709,2024-05-15 22:15:43.166526,-0.49006698,-1.8119421,1.1866369,3.3896914,1.1905,-0.6885215
710,2024-05-15 22:15:43.184224,-0.5926015,-1.9198153,1.1446589,2.8307495,0.868574,-0.4264603
711,2024-05-15 22:15:43.199479,-0.66166973,-2.2056062,1.0458158,1.5607607,0.012140946,0.22960897
712,2024-05-15 22:15:43.215519,-0.3939084,-2.259055,0.71194553,0.4428773,-1.3629167,0.38965568
713,2024-05-15 22:15:43.231205,-0.22428861,-2.0755239,0.39586085,-0.11178834,-1.8381699,0.21433735
714,2024-05-15 22:15:43.250970,-0.056377225,-1.7311591,-0.0043930304,-1.2773192,-2.0660226,-0.29512426
715,2024-05-15 22:15:43.266455,-0.050031736,-1.5886296,-0.07516963,-1.7568485,-1.8479438,-0.53091824
716,2024-05-15 22:15:43.284110,-0.18133454,-1.3528398,-0.073461235,-2.4898868,-1.0782535,-0.90537864
717,2024-05-15 22:15:43.300772,-0.18133454,-1.3528398,-0.073461235,-2.4898868,-1.0782535,-0.90537864
718,2024-05-15 22:15:43.317450,-0.18133454,-1.3528398,-0.073461235,-2.4898868,-1.0782535,-0.90537864
719,2024-05-15 22:15:43.334089,-0.18133454,-1.3528398,-0.073461235,-2.4898868,-1.0782535,-0.90537864
720,2024-05-15 22:15:43.349786,-0.18133454,-1.3528398,-0.073461235,-2.4898868,-1.0782535,-0.90537864
721,2024-05-15 22:15:43.365416,-0.18133454,-1.3528398,-0.073461235,-2.4898868,-1.0782535,-0.90537864
722,2024-05-15 22:15:43.381132,-0.18133454,-1.3528398,-0.073461235,-2.4898868,-1.0782535,-0.90537864
723,2024-05-15 22:15:43.400799,-0.18133454,-1.3528398,-0.073461235,-2.4898868,-1.0782535,-0.90537864
724,2024-05-15 22:15:43.416457,-0.18133454,-1.3528398,-0.073461235,-2.4898868,-1.0782535,-0.90537864
725,2024-05-15 22:15:43.434230,-0.513771,0.5423257,1.6984553,-4.03843,0.45807257,0.8276461
726,2024-05-15 22:15:43.449780,-0.3917119,0.9396509,1.8158469,-3.6749654,0.89239776,0.99441224
727,2024-05-15 22:15:43.467361,-0.31190515,1.2120188,2.0874827,-3.1422908,1.0011318,1.1740067
728,2024-05-15 22:15:43.484047,-0.29018408,1.3447859,2.2673528,-2.9266553,0.92416275,1.181337
729,2024-05-15 22:15:43.499697,-0.25748038,1.5298119,2.3886495,-1.990199,0.24610233,1.3077861
730,2024-05-15 22:15:43.516375,-0.08590815,1.5361574,2.3986557,-1.278541,-0.43440154,1.3957508
731,2024-05-15 22:15:43.534056,0.061014313,1.5093111,2.5031426,-0.90224797,-0.5406921,1.2369257
732,2024-05-15 22:15:43.550731,0.061014313,1.5093111,2.5031426,-0.90224797,-0.5406921,1.2369257
733,2024-05-15 22:15:43.567572,-0.13911264,1.076567,2.8728895,2.198504,-0.03611741,-0.49732068
734,2024-05-15 22:15:43.584074,-0.59357774,0.8478854,2.3073783,3.5509596,-0.89316136,-0.9554696
735,2024-05-15 22:15:43.599535,-0.78223395,0.78296614,1.9591085,3.8631117,-1.4319445,-0.9023243
736,2024-05-15 22:15:43.617367,-0.89303595,0.60114354,1.4328907,3.9718459,-2.3433554,-0.47105345
737,2024-05-15 22:15:43.633989,-0.86204064,0.56721956,1.3977463,3.9767327,-2.426433,-0.39408445
738,2024-05-15 22:15:43.649148,-0.53427184,0.24332508,1.3552804,4.4000626,-1.9096411,-0.34643695
739,2024-05-15 22:15:43.667313,-0.5042528,0.035144243,1.3157431,4.9858823,-1.0379364,-0.5724571
740,2024-05-15 22:15:43.684025,-0.58869654,-0.18182266,1.1392897,5.277265,-0.5577963,-0.6494261
741,2024-05-15 22:15:43.699681,-0.5943099,-0.26651052,1.1178128,5.2705455,-0.5419138,-0.5950591
742,2024-05-15 22:15:43.717332,-0.5926015,-0.49299565,1.1890775,5.2534413,-0.3574325,-0.44478625
743,2024-05-15 22:15:43.734018,-0.5730769,-0.914269,1.2149475,5.2216763,-0.14973834,-0.37148243
744,2024-05-15 22:15:43.750499,-0.67802155,-1.20006,1.1937145,4.980995,0.40431643,-0.554742
745,2024-05-15 22:15:43.767270,-1.0836447,-1.6293873,0.9477048,4.1013494,1.0212903,-0.53458345
746,2024-05-15 22:15:43.783974,-1.234472,-1.6432984,0.7878473,3.0628784,1.1605676,0.0603993
747,2024-05-15 22:15:43.799396,-1.1849284,-1.8570925,0.87863666,1.3298537,0.86613053,1.1758392
748,2024-05-15 22:15:43.816328,-0.6787537,-2.187302,0.9091437,0.17592919,-1.0312169,1.6046666
749,2024-05-15 22:15:43.833968,-0.264314,-2.0821135,0.34265637,-0.45204028,-2.8796952,0.8484155
750,2024-05-15 22:15:43.849419,-0.11617125,-1.8795458,-0.111046046,-0.95905846,-3.084946,0.46601382
751,2024-05-15 22:15:43.867250,-0.05906185,-1.7338436,-0.3956168,-1.4996742,-2.884582,0.2008983
752,2024-05-15 22:15:43.883445,-0.05662128,-1.3787099,-0.46102414,-3.050661,-0.9151525,-0.4405102
753,2024-05-15 22:15:43.900301,-0.39781332,-1.2090901,-0.24283697,-3.979787,0.94248873,-0.9182068
754,2024-05-15 22:15:43.916207,-0.5840595,-1.1727256,-0.1666911,-4.3896775,1.217989,-1.0336604
755,2024-05-15 22:15:43.933943,-0.5840595,-1.1727256,-0.1666911,-4.3896775,1.217989,-1.0336604
756,2024-05-15 22:15:43.950593,-0.5840595,-1.1727256,-0.1666911,-4.3896775,1.217989,-1.0336604
757,2024-05-15 22:15:43.966208,-0.5840595,-1.1727256,-0.1666911,-4.3896775,1.217989,-1.0336604
758,2024-05-15 22:15:43.983875,-0.5840595,-1.1727256,-0.1666911,-4.3896775,1.217989,-1.0336604
759,2024-05-15 22:15:43.999577,-0.5840595,-1.1727256,-0.1666911,-4.3896775,1.217989,-1.0336604
760,2024-05-15 22:15:44.049951,-0.5840595,-1.1727256,-0.1666911,-4.3896775,1.217989,-1.0336604
761,2024-05-15 22:15:44.050952,-1.1510044,-0.09811102,2.216101,-5.0610185,3.420769,-0.4472297
762,2024-05-15 22:15:44.065524,-0.2550398,1.405068,2.6276119,-3.2204816,0.8838456,0.77144647
763,2024-05-15 22:15:44.081273,-0.22868164,1.4807258,2.6559227,-2.8484647,0.7971028,0.72563154
764,2024-05-15 22:15:44.100498,-0.22331238,1.7775298,2.4704084,-1.6505579,-0.07460192,0.74334663
765,2024-05-15 22:15:44.115859,-0.22331238,1.7775298,2.4704084,-1.6505579,-0.07460192,0.74334663
766,2024-05-15 22:15:44.133503,-0.003172744,1.8473302,2.5521982,-0.66950834,-0.83146393,0.85330236
767,2024-05-15 22:15:44.150033,0.08371163,1.5893619,2.7242587,0.63591075,-0.96341085,0.4525748
768,2024-05-15 22:15:44.166827,-0.136428,1.2049412,2.4843197,2.5919013,-0.98295856,-0.350713
769,2024-05-15 22:15:44.183559,-0.22526483,1.1139078,2.3774226,2.9089403,-0.9884563,-0.46861
770,2024-05-15 22:15:44.200629,-0.70999306,0.8427602,1.8526996,3.8026361,-1.4062881,-0.47655123
771,2024-05-15 22:15:44.216156,-0.80810404,0.6028519,1.6269467,4.1105123,-1.9530126,-0.03611741
772,2024-05-15 22:15:44.233791,-0.7531912,0.4617563,1.5830163,4.315763,-2.1057289,0.07078401
773,2024-05-15 22:15:44.250221,-0.6667949,0.15766099,1.4023834,4.8185053,-2.0556378,0.06956228
774,2024-05-15 22:15:44.266810,-0.5047409,-0.117147475,1.2618065,5.0353622,-1.8607719,-0.011682798
775,2024-05-15 22:15:44.283662,-0.46248847,-0.24088451,1.2408175,5.4965653,-1.0183887,-0.32872185
776,2024-05-15 22:15:44.299184,-0.49006698,-0.48054874,1.1822438,5.6633315,-0.4997641,-0.52053356
777,2024-05-15 22:15:44.317096,-0.49006698,-0.48054874,1.1822438,5.6633315,-0.4997641,-0.52053356
778,2024-05-15 22:15:44.333818,-0.51425916,-0.82714057,1.1551535,5.4727416,-0.038560867,-0.62621325
779,2024-05-15 22:15:44.349933,-0.5027884,-0.914269,1.1751661,5.3737817,0.09949467,-0.66042167
780,2024-05-15 22:15:44.366799,-1.5015012,-1.7245696,1.0114038,3.3939674,1.4177419,-0.70990175
781,2024-05-15 22:15:44.383738,-1.6130353,-1.7509277,0.9552705,2.64749,1.1923326,-0.121638544
782,2024-05-15 22:15:44.399082,-1.1690648,-2.0362306,1.0406905,0.79473567,-0.4545601,1.3035101
783,2024-05-15 22:15:44.416339,-0.52426547,-2.1628964,0.62701356,-0.12889257,-2.0385337,1.3279446
784,2024-05-15 22:15:44.433882,-0.40513504,-2.1377585,0.52621794,-1.1203269,-1.7947985,0.43913576
785,2024-05-15 22:15:44.449220,0.21965154,-1.6208452,0.021232981,-1.4440855,-1.3128258,0.022525655
786,2024-05-15 22:15:44.469494,0.021232981,-1.2940221,-0.033191785,-2.1282544,-0.04344779,-0.935311
787,2024-05-15 22:15:44.484725,-0.40098605,-1.0082309,-0.13447554,-2.8484647,0.555811,-1.3537537
788,2024-05-15 22:15:44.500222,-0.6018757,-0.8710708,-0.18694785,-3.3774738,0.6883688,-1.3024411
789,2024-05-15 22:15:44.514752,-0.84202796,-0.6868076,-0.032459613,-4.5967607,0.9345475,-0.84062696
790,2024-05-15 22:15:44.530205,-0.8669218,-0.6411689,0.15107143,-5.148983,1.2204324,-0.5565746
791,2024-05-15 22:15:44.549339,-0.7971215,-0.58479166,0.8500819,-5.6236253,2.007227,-0.264581
792,2024-05-15 22:15:44.567027,-0.7971215,-0.58479166,0.8500819,-5.6236253,2.007227,-0.264581
793,2024-05-15 22:15:44.582749,-0.7971215,-0.58479166,0.8500819,-5.6236253,2.007227,-0.264581
794,2024-05-15 22:15:44.600336,-0.7971215,-0.58479166,0.8500819,-5.6236253,2.007227,-0.264581
795,2024-05-15 22:15:44.615525,-0.7971215,-0.58479166,0.8500819,-5.6236253,2.007227,-0.264581
796,2024-05-15 22:15:44.630696,-0.7971215,-0.58479166,0.8500819,-5.6236253,2.007227,-0.264581
797,2024-05-15 22:15:44.650328,-0.7971215,-0.58479166,0.8500819,-5.6236253,2.007227,-0.264581
798,2024-05-15 22:15:44.666016,-0.7971215,-0.58479166,0.8500819,-5.6236253,2.007227,-0.264581
799,2024-05-15 22:15:44.683625,-0.7971215,-0.58479166,0.8500819,-5.6236253,2.007227,-0.264581
800,2024-05-15 22:15:44.699336,-0.7971215,-0.58479166,0.8500819,-5.6236253,2.007227,-0.264581
801,2024-05-15 22:15:44.716581,-0.42587993,1.4338669,2.3947508,-1.8637499,-0.9432523,1.2185998
802,2024-05-15 22:15:44.732176,-0.29506522,1.383347,2.5168097,-1.5949692,-1.0348821,1.2069933
803,2024-05-15 22:15:44.750173,-0.07004443,1.2935339,2.7320683,-0.7464773,-0.9432523,0.90950197
804,2024-05-15 22:15:44.766971,-0.087616555,1.1285512,2.714008,1.1594223,-0.5388595,0.010308351
805,2024-05-15 22:15:44.784000,-0.2979939,1.0270234,2.3981674,2.4178047,-0.53519434,-0.4386776
806,2024-05-15 22:15:44.799335,-0.4834774,0.97015804,2.0398915,3.1221323,-1.0006737,-0.5419138
807,2024-05-15 22:15:44.816214,-0.7976096,0.7683227,1.5002809,3.4752123,-1.6988926,-0.26702446
808,2024-05-15 22:15:44.833098,-0.8027348,0.66874737,1.4670587,3.4752123,-1.6988926,-0.26702446
809,2024-05-15 22:15:44.849239,-0.81664604,0.5210927,1.4167827,4.11601,-1.7263815,-0.05933029
810,2024-05-15 22:15:44.866925,-0.85057,0.20183535,1.345274,4.8484373,-1.2132547,0.097662084
811,2024-05-15 22:15:44.883039,-0.8700946,0.08688438,1.3330712,4.995656,-1.0391581,0.14897476
812,2024-05-15 22:15:44.898312,-0.9067031,-0.117635585,1.3735847,5.1214943,-0.90904385,0.20334177
813,2024-05-15 22:15:44.916896,-0.8710708,-0.39488465,1.3513755,5.407379,-0.4893794,0.46723557
814,2024-05-15 22:15:44.933573,-0.82128316,-0.5537964,1.3574768,5.425705,-0.28901562,0.5216026
815,2024-05-15 22:15:44.950614,-0.81322926,-1.0812042,1.3699238,5.373171,0.12576188,0.478842
816,2024-05-15 22:15:44.964309,-0.9923673,-1.4438732,1.2908492,5.1019464,0.6443865,0.18073976
817,2024-05-15 22:15:44.979539,-1.3176955,-1.666972,1.0045701,4.981606,0.71707946,0.12698361
818,2024-05-15 22:15:45.000197,-1.3316069,-1.7069974,0.91402483,3.4868188,0.62544966,0.6822601
819,2024-05-15 22:15:45.015862,-0.80566347,-2.2963958,0.7592926,1.4697418,-0.5565746,1.6046666
820,2024-05-15 22:15:45.033514,-0.57722586,-2.4377048,0.53451586,0.9841039,-1.2047026,1.4904349
821,2024-05-15 22:15:45.049198,-0.3275248,-2.4579616,0.0605262,0.16982053,-1.9120846,1.0658835
822,2024-05-15 22:15:45.066898,0.13618395,-1.9727757,-0.45370242,-1.8142698,-1.561448,-0.07704538
823,2024-05-15 22:15:45.082160,0.11373068,-1.802912,-0.41758195,-2.460565,-0.87911147,-0.563905
824,2024-05-15 22:15:45.097200,-0.03441207,-1.6623349,-0.3162982,-2.91566,-0.1680643,-0.9994519
825,2024-05-15 22:15:45.117424,-0.6255492,-1.3211124,-0.200371,-3.8997638,1.1666763,-1.6823993
826,2024-05-15 22:15:45.133495,-0.7841864,-1.182732,-0.13179092,-4.451986,1.4696654,-1.6756797
827,2024-05-15 22:15:45.149200,-1.0165288,-0.9962722,0.32215557,-5.543602,1.9583576,-1.601765
828,2024-05-15 22:15:45.166317,-1.3179396,-0.68656355,1.3338034,-5.9180627,2.7793605,-1.316491
829,2024-05-15 22:15:45.182018,-1.3208684,-0.30848834,1.9312861,-5.670662,3.1251101,-1.2529609
830,2024-05-15 22:15:45.200126,-1.3208684,-0.30848834,1.9312861,-5.3866096,2.9791133,-1.3091606
831,2024-05-15 22:15:45.215813,-1.3208684,-0.30848834,1.9312861,-5.3866096,2.9791133,-1.3091606
832,2024-05-15 22:15:45.233454,-1.3208684,-0.30848834,1.9312861,-5.3866096,2.9791133,-1.3091606
833,2024-05-15 22:15:45.248551,-1.3208684,-0.30848834,1.9312861,-5.3866096,2.9791133,-1.3091606
834,2024-05-15 22:15:45.268689,-1.3208684,-0.30848834,1.9312861,-5.3866096,2.9791133,-1.3091606
835,2024-05-15 22:15:45.280720,-1.3208684,-0.30848834,1.9312861,-5.3866096,2.9791133,-1.3091606
836,2024-05-15 22:15:45.296760,-1.3208684,-0.30848834,1.9312861,-5.3866096,2.9791133,-1.3091606
837,2024-05-15 22:15:45.316423,-1.3208684,-0.30848834,1.9312861,-5.3866096,2.9791133,-1.3091606
838,2024-05-15 22:15:45.332036,-0.4463807,2.029885,2.47773,-0.8753699,-1.1368966,1.0976485
839,2024-05-15 22:15:45.347783,-0.2604091,1.8939452,2.598813,-0.089186326,-1.2285264,1.0561097
840,2024-05-15 22:15:45.366754,-0.34949,1.4631537,2.5580556,2.1997259,-0.73128206,0.41836634
841,2024-05-15 22:15:45.382442,-0.54305786,1.3269697,2.4311152,2.85946,-0.6158285,0.26503915
842,2024-05-15 22:15:45.398121,-0.79102004,1.2349602,2.2258632,3.3396003,-0.7380016,0.26503915
843,2024-05-15 22:15:45.416750,-1.1607667,0.9367222,1.8397646,3.7818668,-2.0562487,0.89606297
844,2024-05-15 22:15:45.433234,-1.02922,0.71560633,1.717492,4.0591993,-2.308536,1.1196396
845,2024-05-15 22:15:45.449101,-0.944288,0.57966644,1.6913778,4.329202,-2.2902102,1.1758392
846,2024-05-15 22:15:45.466783,-0.8005383,0.2294138,1.6267025,5.1104984,-1.7392097,1.0383946
847,2024-05-15 22:15:45.483405,-0.77344793,-0.0993313,1.3865197,5.66211,-1.1949288,0.9290497
848,2024-05-15 22:15:45.499054,-0.76197726,-0.20940112,1.3057368,5.7225857,-0.97990423,0.94432133
849,2024-05-15 22:15:45.516447,-0.66899145,-0.49299565,1.2681519,5.583919,-0.7074583,0.932104
850,2024-05-15 22:15:45.533161,-0.4971446,-0.9298886,1.500769,5.439144,-0.14729488,0.6034585
851,2024-05-15 22:15:45.549017,-0.73024976,-1.5439671,1.5952193,5.40799,0.63278,-0.13446671
852,2024-05-15 22:15:45.564715,-1.3269697,-1.8946774,1.2320315,4.8154507,0.555811,-0.07582365
853,2024-05-15 22:15:45.580426,-1.4834105,-2.0699105,0.9081675,4.0048327,0.2167808,0.3664428
854,2024-05-15 22:15:45.600005,-1.3157431,-2.5180302,0.55184394,2.8875601,-0.29084823,0.87285006
855,2024-05-15 22:15:45.615708,-0.80688375,-2.8999798,0.58650005,0.8338311,-1.3555863,1.3621532
856,2024-05-15 22:15:45.633351,0.09469421,-2.5624485,0.07590181,-0.41538838,-1.7227163,-0.10209085
857,2024-05-15 22:15:45.649996,0.09469421,-2.5624485,0.07590181,-0.41538838,-1.7227163,-0.10209085
858,2024-05-15 22:15:45.665261,0.03636453,-2.1365383,-0.47078642,-1.7403551,-1.2431872,-1.1607203
859,2024-05-15 22:15:45.682319,-0.44101146,-1.6376853,-0.30238694,-3.2088752,-0.07032586,-1.7666986
860,2024-05-15 22:15:45.699982,-0.7016951,-1.5454315,-0.10421244,-4.316374,1.2063825,-2.245617
861,2024-05-15 22:15:45.716656,-1.1778508,-1.3086655,0.35461518,-4.9797735,2.1666627,-2.2333996
862,2024-05-15 22:15:45.733176,-1.3381964,-1.1585703,0.6211562,-5.421429,2.5472317,-2.1692588
863,2024-05-15 22:15:45.749013,-1.641346,-0.7980977,1.4250808,-6.0640593,2.8202884,-2.0629683
864,2024-05-15 22:15:45.767143,-1.8085252,-0.45345837,1.9871751,-5.8960714,2.4971406,-1.9359083
865,2024-05-15 22:15:45.783145,-1.7770418,-0.13593988,2.1882782,-5.448307,1.6431512,-1.6341408
866,2024-05-15 22:15:45.799929,-1.6303635,0.12739788,2.1467886,-5.1416526,1.117807,-1.4576008
867,2024-05-15 22:15:45.816620,-1.3316069,0.41196862,1.8417171,-4.696943,0.7592291,-1.1320096
868,2024-05-15 22:15:45.832695,-1.1314799,0.70315945,1.7511717,-4.5882087,0.9498191,-0.89132875
869,2024-05-15 22:15:45.848927,-1.1314799,0.70315945,1.7511717,-4.5882087,0.9498191,-0.89132875
870,2024-05-15 22:15:45.866546,-1.1314799,0.70315945,1.7511717,-4.5882087,0.9498191,-0.89132875
871,2024-05-15 22:15:45.882289,-1.1314799,0.70315945,1.7511717,-4.5882087,0.9498191,-0.89132875
872,2024-05-15 22:15:45.898903,-1.1314799,0.70315945,1.7511717,-4.5882087,0.9498191,-0.89132875
873,2024-05-15 22:15:45.916534,-1.1314799,0.70315945,1.7511717,-4.5882087,0.9498191,-0.89132875
874,2024-05-15 22:15:45.932185,-1.1314799,0.70315945,1.7511717,-4.5882087,0.9498191,-0.89132875
875,2024-05-15 22:15:45.949857,-1.1314799,0.70315945,1.7511717,-4.5882087,0.9498191,-0.89132875
876,2024-05-15 22:15:45.965576,-1.1314799,0.70315945,1.7511717,-4.5882087,0.9498191,-0.89132875
877,2024-05-15 22:15:45.981195,-1.1314799,0.70315945,1.7511717,-4.397619,1.1300243,-0.74960804
878,2024-05-15 22:15:46.000315,-1.1751661,1.1300155,2.2910264,3.0653217,-1.9377409,1.0347294
879,2024-05-15 22:15:46.015574,-1.1685766,0.92744803,1.9347028,3.2974505,-2.3433554,1.2118803
880,2024-05-15 22:15:46.033179,-1.0460598,0.7075525,1.6918658,3.6994,-2.6023624,1.4586699
881,2024-05-15 22:15:46.050552,-1.0016415,0.44662476,1.6018087,4.197255,-2.1307743,1.5099826
882,2024-05-15 22:15:46.066517,-1.0543578,0.28920785,1.5742302,4.4324384,-1.8925369,1.539915
883,2024-05-15 22:15:46.082171,-1.093407,-0.025381953,1.4843867,4.855157,-1.9426278,1.5582409
884,2024-05-15 22:15:46.099885,-1.1029252,-0.25650415,1.4660825,5.163033,-1.842446,1.5002087
885,2024-05-15 22:15:46.115575,-1.0655844,-0.4131889,1.451439,5.321247,-1.6836209,1.4238505
886,2024-05-15 22:15:46.132797,-1.0441074,-0.77198356,1.4655943,5.646838,-1.1411726,1.2155455
887,2024-05-15 22:15:46.147109,-1.1168364,-1.2486273,1.4680349,5.8649173,-0.35132387,0.8807913
888,2024-05-15 22:15:46.162465,-1.2798667,-1.5161446,1.4155625,5.891795,0.04512767,0.62911487
889,2024-05-15 22:15:46.183047,-1.6393934,-1.7755774,0.97235465,5.35851,0.3591124,0.5613088
890,2024-05-15 22:15:46.199314,-1.6806393,-1.9368994,0.47713193,5.1104984,0.32734743,0.6303366
891,2024-05-15 22:15:46.215259,-1.2803549,-2.144348,0.41880223,3.196658,-0.26580274,1.2344823
892,2024-05-15 22:15:46.232242,-0.8432483,-2.3085985,0.4595598,1.0421361,-1.0336604,1.5099826
893,2024-05-15 22:15:46.248883,-0.29823795,-2.250757,0.13471961,0.24495697,-1.2022592,0.78366375
894,2024-05-15 22:15:46.264454,-0.05198419,-2.0923638,-0.1769415,-0.28771752,-1.1423944,0.28031078
895,2024-05-15 22:15:46.283105,0.15204766,-1.8395205,-0.57112443,-1.8551978,-0.87300277,-0.7398342
896,2024-05-15 22:15:46.299299,-0.07590181,-1.6491557,-0.32630453,-3.082426,-0.032452215,-1.747151
897,2024-05-15 22:15:46.314456,-0.30214286,-1.5503126,-0.19109683,-3.4019086,0.48983756,-2.050751
898,2024-05-15 22:15:46.333133,-0.5523321,-1.349423,-0.110557936,-3.9962804,1.3126731,-2.4441483
899,2024-05-15 22:15:46.347823,-0.82714057,-1.2276385,0.16132185,-4.813618,1.6095536,-2.698879
900,2024-05-15 22:15:46.366420,-0.82714057,-1.2276385,0.16132185,-4.813618,1.6095536,-2.698879
901,2024-05-15 22:15:46.382053,-0.9713784,-1.0943832,0.45223808,-5.3401837,1.7946458,-2.6793313
902,2024-05-15 22:15:46.399730,-1.1107349,-0.8447127,0.9198823,-6.255871,1.2320389,-2.7068202
903,2024-05-15 22:15:46.416397,-1.1107349,-0.8447127,0.9198823,-6.255871,1.2320389,-2.7068202
904,2024-05-15 22:15:46.432049,-1.2784024,-0.45785138,1.9081006,-6.358496,0.8807913,-2.920623
905,2024-05-15 22:15:46.449704,-2.1755872,0.59821486,2.3200693,-4.2913284,1.4904349,-2.6500099
906,2024-05-15 22:15:46.465390,-2.2671087,0.8532546,2.1716824,-4.1105123,1.3230578,-1.8894826
907,2024-05-15 22:15:46.483043,-2.2671087,0.8532546,2.1716824,-4.1105123,1.3230578,-1.8894826
908,2024-05-15 22:15:46.498718,-2.2671087,0.8532546,2.1716824,-4.1105123,1.3230578,-1.8894826
909,2024-05-15 22:15:46.515845,-2.2671087,0.8532546,2.1716824,-4.1105123,1.3230578,-1.8894826
910,2024-05-15 22:15:46.533037,-2.2671087,0.8532546,2.1716824,-4.1105123,1.3230578,-1.8894826
911,2024-05-15 22:15:46.548670,-2.2671087,0.8532546,2.1716824,-4.1105123,1.3230578,-1.8894826
912,2024-05-15 22:15:46.566385,-2.2671087,0.8532546,2.1716824,-4.1105123,1.3230578,-1.8894826
913,2024-05-15 22:15:46.581996,-2.2671087,0.8532546,2.1716824,-4.1105123,1.3230578,-1.8894826
914,2024-05-15 22:15:46.599656,-2.2671087,0.8532546,2.1716824,-4.1105123,1.3230578,-1.8894826
915,2024-05-15 22:15:46.615793,-2.2671087,0.8532546,2.1716824,-4.1105123,1.3230578,-1.8894826
916,2024-05-15 22:15:46.632530,-0.81542575,0.8254321,2.0323257,4.102571,-1.0128909,0.37194058
917,2024-05-15 22:15:46.648358,-0.9120724,0.5535523,1.6750259,4.3725734,-1.6298648,0.6297257
918,2024-05-15 22:15:46.666312,-0.9067031,0.39464056,1.6418341,4.470923,-1.8546633,0.77816594
919,2024-05-15 22:15:46.682617,-0.80566347,0.08371163,1.7067534,4.891809,-1.8259525,0.87101746
920,2024-05-15 22:15:46.698532,-0.66240185,-0.30604777,1.6166962,5.684712,-1.4325553,0.58329993
921,2024-05-15 22:15:46.714313,-0.68021804,-0.44662476,1.5671526,5.978538,-1.1448379,0.42142066
922,2024-05-15 22:15:46.732418,-0.73098195,-0.7051119,1.4582726,6.401257,-0.6133851,0.22716552
923,2024-05-15 22:15:46.777373,-1.409461,-1.5671526,0.9713784,5.9333344,0.5460372,-0.023289237
924,2024-05-15 22:15:46.784370,-1.409461,-1.5671526,0.9713784,5.9333344,0.5460372,-0.023289237
925,2024-05-15 22:15:46.802013,-1.4375277,-1.5752064,0.6816824,4.0695844,0.5949064,0.9211084
926,2024-05-15 22:15:46.817089,-1.2906053,-1.7531241,0.86204064,2.9791899,0.45929432,1.435457
927,2024-05-15 22:15:46.829990,-0.8371468,-2.3288553,1.3770015,1.8936822,0.030466905,1.7311157
928,2024-05-15 22:15:46.845121,-0.6550802,-2.4887128,1.340393,1.8497,-0.3470478,1.5472453
929,2024-05-15 22:15:46.866269,-0.18914436,-2.3159204,0.044662476,0.73731434,-1.620091,0.3542255
930,2024-05-15 22:15:46.879932,-0.09200958,-2.151914,-0.33265,-0.22174409,-1.8442786,0.056123246
931,2024-05-15 22:15:46.896024,0.0370967,-1.8307344,-0.3436326,-1.9046779,-1.8314503,-0.60544384
932,2024-05-15 22:15:46.915700,0.020988923,-1.6952827,-0.28554696,-2.0995438,-1.6897296,-0.76426876
933,2024-05-15 22:15:46.932910,-0.25211114,-1.4658383,-0.28505886,-3.1129694,-0.26946792,-1.8546633
934,2024-05-15 22:15:46.948219,-0.7590486,-1.2720569,-0.20500809,-3.8741074,0.4733442,-2.2175171
935,2024-05-15 22:15:46.966200,-1.1807795,-1.085353,-0.12178457,-4.728097,0.86613053,-1.8338938
936,2024-05-15 22:15:46.981913,-1.2928017,-1.0045701,-0.016351834,-5.2253413,1.045114,-1.6048193
937,2024-05-15 22:15:46.998009,-1.323553,-0.85813576,0.46078008,-5.8013873,1.7763197,-1.3342061
938,2024-05-15 22:15:47.016209,-1.3728526,-0.68070614,0.93476975,-5.98709,2.54601,-1.470429
939,2024-05-15 22:15:47.033150,-1.5102873,-0.54964745,1.2871884,-6.2076125,2.6296985,-1.6420821
940,2024-05-15 22:15:47.048553,-1.9818059,-0.24478942,2.1365383,-5.9950314,2.4000132,-1.3616949
941,2024-05-15 22:15:47.066209,-1.8536758,0.23575929,2.4408774,-5.158757,1.8086957,-0.80030984
942,2024-05-15 22:15:47.081858,-1.6296312,0.4334457,2.4769979,-4.9510627,1.3786465,-0.736169
943,2024-05-15 22:15:47.099593,-1.4160507,0.85862386,2.7501285,-4.145942,0.8245917,-0.4667774
944,2024-05-15 22:15:47.115168,-1.1983516,1.0790076,2.6805723,-3.6297612,0.6156758,-0.21815525
945,2024-05-15 22:15:47.132832,-1.1983516,1.0790076,2.6805723,-3.6297612,0.6156758,-0.21815525
946,2024-05-15 22:15:47.148500,-1.1983516,1.0790076,2.6805723,-3.6297612,0.6156758,-0.21815525
947,2024-05-15 22:15:47.166168,-1.1983516,1.0790076,2.6805723,-3.6297612,0.6156758,-0.21815525
948,2024-05-15 22:15:47.182743,-1.1983516,1.0790076,2.6805723,-3.6297612,0.6156758,-0.21815525
949,2024-05-15 22:15:47.198465,-1.1983516,1.0790076,2.6805723,-3.6297612,0.6156758,-0.21815525
950,2024-05-15 22:15:47.216136,-0.9762595,1.2803549,2.5780683,-3.177721,0.3908774,-0.051999904
951,2024-05-15 22:15:47.233215,-0.9762595,1.2803549,2.5780683,-3.177721,0.3908774,-0.051999904
952,2024-05-15 22:15:47.248475,-0.9762595,1.2803549,2.5780683,-3.177721,0.3908774,-0.051999904
953,2024-05-15 22:15:47.266082,-0.8979171,0.837635,1.72701,3.626707,-2.0702987,1.0512227
954,2024-05-15 22:15:47.283343,-0.99139106,0.6572767,1.4970777,3.6670241,-2.249893,1.153848
955,2024-05-15 22:15:47.299249,-0.94502014,0.3533949,1.4921966,4.163047,-2.2566125,1.3028992
956,2024-05-15 22:15:47.315131,-0.88571423,0.016595893,1.3162313,4.849659,-1.8803196,1.186224
957,2024-05-15 22:15:47.332756,-0.86838615,-0.08956901,1.2386211,5.0029864,-1.7575357,1.1281917
958,2024-05-15 22:15:47.348196,-0.9120724,-0.36315718,1.152713,5.1746397,-1.2890021,1.0377837
959,2024-05-15 22:15:47.366043,-0.96820563,-0.7073084,1.191762,5.114164,-0.76304704,1.1691197
960,2024-05-15 22:15:47.382350,-0.9335495,-0.957223,1.2408175,4.9394565,-0.6249915,1.153848
961,2024-05-15 22:15:47.397902,-0.94502014,-1.5876534,1.3955499,4.6566257,-0.35987598,0.5277112
962,2024-05-15 22:15:47.415926,-1.370168,-2.0877268,1.3477145,4.3353105,0.017027868,-0.42890376
963,2024-05-15 22:15:47.431757,-1.7826552,-2.1699739,0.9071913,4.084245,0.02313652,-0.38125628
964,2024-05-15 22:15:47.446933,-1.8009595,-2.2927349,0.69486153,2.5650232,-0.47838384,0.6712645
965,2024-05-15 22:15:47.462120,-1.8009595,-2.2927349,0.69486153,2.5650232,-0.47838384,0.6712645
966,2024-05-15 22:15:47.482640,-0.45077375,-2.5404835,0.030019043,-0.3323107,-2.7514133,0.6822601
967,2024-05-15 22:15:47.496372,-0.070532545,-2.2558823,-0.23966423,-0.79717916,-2.5473845,0.020082194
968,2024-05-15 22:15:47.512052,0.08127106,-1.7963223,-0.43759465,-1.0830641,-2.2437844,-0.4527275
969,2024-05-15 22:15:47.532492,-0.11592719,-1.6022968,-0.41611758,-2.0512855,-0.42523858,-1.9120846
970,2024-05-15 22:15:47.548979,-0.6814383,-1.2249539,-0.35607952,-2.5668557,0.96142554,-2.2266803
971,2024-05-15 22:15:47.564112,-1.025315,-0.8700946,-0.38194957,-3.7830884,1.5038738,-1.7673095
972,2024-05-15 22:15:47.582250,-1.0648522,-0.8242119,-0.29506522,-4.387234,1.3389403,-1.5944346
973,2024-05-15 22:15:47.598279,-1.076323,-0.70096296,0.54208165,-5.6731057,1.0842094,-1.130788
974,2024-05-15 22:15:47.616653,-0.9921232,-0.5511118,1.2227573,-5.4244833,1.6767488,-1.0269408
975,2024-05-15 22:15:47.631695,-1.0023736,-0.41758195,1.3264817,-5.188689,1.9039906,-1.0697014
976,2024-05-15 22:15:47.647312,-1.2374008,-0.12154051,1.534937,-4.97,2.0713677,-0.736169
977,2024-05-15 22:15:47.666008,-1.0392263,0.034900185,1.5874094,-5.1758614,1.4067463,-0.37331504
978,2024-05-15 22:15:47.682262,-0.77344793,0.268463,2.0001101,-5.2797084,1.0390054,-0.4350124
979,2024-05-15 22:15:47.697818,-0.74489325,0.47932845,2.306158,-5.090951,1.2552518,-0.47777298
980,2024-05-15 22:15:47.713921,-0.77100736,0.6872957,2.55171,-4.7952924,1.5276976,-0.4863251
981,2024-05-15 22:15:47.732519,-1.0611913,1.3325831,2.7550097,-2.8893926,1.1220831,-0.20532708
982,2024-05-15 22:15:47.748077,-1.084621,1.4519271,2.5297449,-2.5167649,0.40737075,0.12515102
983,2024-05-15 22:15:47.765983,-1.084621,1.4519271,2.5297449,-2.5167649,0.40737075,0.12515102
984,2024-05-15 22:15:47.782555,-1.084621,1.4519271,2.5297449,-2.5167649,0.40737075,0.12515102
985,2024-05-15 22:15:47.797751,-1.084621,1.4519271,2.5297449,-2.5167649,0.40737075,0.12515102
986,2024-05-15 22:15:47.814961,-1.084621,1.4519271,2.5297449,-2.5167649,0.40737075,0.12515102
987,2024-05-15 22:15:47.830572,-1.084621,1.4519271,2.5297449,-2.5167649,0.40737075,0.12515102
988,2024-05-15 22:15:47.848886,-0.8798569,1.0672928,2.3156762,2.6413813,-0.4881577,-0.028176159
989,2024-05-15 22:15:47.864966,-0.8798569,1.0672928,2.3156762,2.6413813,-0.4881577,-0.028176159
990,2024-05-15 22:15:47.880551,-0.957223,0.8276287,1.1678444,3.404352,-2.0385337,0.67431885
991,2024-05-15 22:15:47.899106,-0.8247,0.58650005,1.2386211,3.6981783,-1.8717675,0.9369909
992,2024-05-15 22:15:47.914887,-0.82128316,0.47347105,1.3230649,3.9565742,-1.3891839,1.0328968
993,2024-05-15 22:15:47.932435,-0.79028785,0.281398,1.5905821,4.365243,-0.83696175,1.1391873
994,2024-05-15 22:15:47.948808,-1.0079869,-0.34045988,2.3000565,4.8979177,-0.49060115,1.8221346
995,2024-05-15 22:15:47.964640,-0.9303767,-0.5969946,2.3305638,4.9883256,-1.0110583,2.024942
996,2024-05-15 22:15:47.980559,-0.383658,-1.1314799,2.3500884,5.2064047,-2.6732228,1.4482851
997,2024-05-15 22:15:47.999338,-0.3778006,-1.7040688,2.4264781,6.1269784,-2.6927702,-0.41302127
998,2024-05-15 22:15:48.015310,-0.75416744,-1.8007153,2.2197618,6.7256265,-2.0195968,-1.0721449
999,2024-05-15 22:15:48.032510,-1.3257495,-1.8548961,1.5415266,6.9919634,-1.0654254,-1.3452016
